धर्म-	षष्ठी-तत्पुरुषः,1.2
कुरु-	षष्ठी-तत्पुरुषः,2.2
पाण्डव-	षष्ठी-तत्पुरुषः,3.2
पाण्डु-	षष्ठी-तत्पुरुषः,3.2
द्रुपद-	षष्ठी-तत्पुरुषः,8.2
महा-	बहुव्रीहिः,3.2
भीम-	द्वन्द्वः,4.2
अर्जुन-	बहुव्रीहिः,4.3
महान्-	बहुव्रीहिः,11.2
नर-	सप्तमी-तत्पुरुषः,22.2
महान्-	बहुव्रीहिः,34.2
द्विज-	सप्तमी-तत्पुरुषः,7.2
सञ्ज्ञा-	चतुर्थी-तत्पुरुषः,11.2
मत्-	चतुर्थी-तत्पुरुषः,5.2
नाना-	कर्मधारयः,7.2
शस्त्र-	बहुव्रीहिः,7.3
युद्ध-	बहुव्रीहिः,9.2
-
अ-	नञ्-तत्पुरुषः,1.2
भीष्म-	तृतीया-तत्पुरुषः,5.2
भीम-	तृतीया-तत्पुरुषः,12.2
यथा-	अव्ययीभावः,4.2
कुरु-	सप्तमी-तत्पुरुषः,4.2
पणव-	द्वन्द्वः,6.2
आनक-	द्वन्द्वः,6.3
महान्-	कर्मधारयः,7.2
भीम-	बहुव्रीहिः,8.2
वृको-	बहुव्रीहिः,9.2
सुघोष-	द्वन्द्वः,8.2
परम-	बहुव्रीहिः,3.2
महा-	बहुव्रीहिः,6.2
अ-	नञ्-तत्पुरुषः,12.2
पृथिवी-	षष्ठी-तत्पुरुषः,17.2
महा-	बहुव्रीहिः,20.2
कपि-	बहुव्रीहिः,5.2
शस्त्र-	षष्ठी-तत्पुरुषः,7.2
मही-	षष्ठी-तत्पुरुषः,16.2
अ-	बहुव्रीहिः ,23.2
योद्धु-	बहुव्रीहिः,5.2
रण-	षष्ठी-तत्पुरुषः,12.2
दुर्-	बहुव्रीहिः ,9.2
प्रिय-	द्वितीया-तत्पुरुषः,11.2
रथ-	सप्तमी-तत्पुरुषः,10.2
भीष्म-	द्वन्द्वः,11.2
द्रोण-	षष्ठी-तत्पुरुषः,11.3
स्व-	षष्ठी-तत्पुरुषः,3.2
रोम-	षष्ठी-तत्पुरुषः,17.2
स्व-	षष्ठी-तत्पुरुषः,11.2
त्रै-	द्विगु-तत्पुरुषः,9.2
लोक्य-	षष्ठी-तत्पुरुषः,9.3
मही-	षष्ठी-तत्पुरुषः,13.2
स्व-	षष्ठी-तत्पुरुषः,7.2
स्व-	षष्ठी-तत्पुरुषः,8.2
लोभ-	तृतीया-तत्पुरुषः,5.2
उपहत-	बहुव्रीहिः,5.3
कुल-	षष्ठी-तत्पुरुषः,6.2
क्षय-	तृतीया-तत्पुरुषः,6.3
मित्र-	षष्ठी-तत्पुरुषः,8.2
कुल-	षष्ठी-तत्पुरुषः,18.2
क्षय-	तृतीया-तत्पुरुषः,18.3
कुल-	षष्ठी-तत्पुरुषः,1.2
कुल-	षष्ठी-तत्पुरुषः,3.2
अ-	नञ्-तत्पुरुषः,9.2
अ-	नञ्-तत्पुरुषः,1.2
धर्म-	षष्ठी-तत्पुरुषः,1.3
कुल-	षष्ठी-तत्पुरुषः,4.2
वर्ण-	षष्ठी-तत्पुरुषः,9.2
कुल-	उपपद-तत्पुरुषः,4.2
लुप्त-	द्वन्द्वः,11.2
पिण्ड-	षष्ठी-तत्पुरुषः,11.3
उदक-	बहुव्रीहिः,11.4
कुल-	उपपद-तत्पुरुषः,3.2
वर्ण-	षष्ठी-तत्पुरुषः,4.2
सङ्कर-	षष्ठी-तत्पुरुषः,4.3
जाति-	षष्ठी-तत्पुरुषः,6.2
कुल-	षष्ठी-तत्पुरुषः,7.2
उत्सन्न-	षष्ठी-तत्पुरुषः,1.2
कुल-	बहुव्रीहिः,1.3
अ-	नञ्-तत्पुरुषः,5.2
राज्य-	षष्ठी-तत्पुरुषः,9.2
सुख-	सप्तमी-तत्पुरुषः,9.3
स्व-	षष्ठी-तत्पुरुषः,12.2
अ-	बहुव्रीहिः,3.2
अ-	बहुव्रीहिः,4.2
शस्त्र-	बहुव्रीहिः ,5.2
रथ-	षष्ठी-तत्पुरुषः,5.2
स-	बहुव्रीहिः ,8.2
शोक-	तृतीया-तत्पुरुषः,10.2
संविग्न-	बहुव्रीहिः,10.3
अश्रु-	तृतीया-तत्पुरुषः,5.2
पूर्ण-	तृतीया-तत्पुरुषः,5.3
आकुल-	बहुव्रीहिः,5.4
अन्-	नञ्-तत्पुरुषः,7.2
आर्य-	तृतीया-तत्पुरुषः,7.3
अ-	नञ्-तत्पुरुषः,8.2
अ-	नञ्-तत्पुरुषः,9.2
कीर्ति-	उपपद-तत्पुरुषः,9.3
हृदय-	षष्ठी-तत्पुरुषः,11.2
पूजा-	सप्तमी-तत्पुरुषः,10.2
अ-	नञ्‌-तत्पुरुषः,2.2
अर्थ-	इतरेतर-द्वन्द्वः,13.2
रुधिर-	तृतीया-तत्पुरुषः,20.2
.	-
	-
कार्पण्य-	षष्ठी-तत्पुरुषः,1.2
दोष-	तृतीया-तत्पुरुषः,1.3
उपहत-	बहुव्रीहिः,1.4
धर्म-	सप्तमी-तत्पुरुषः,4.2
सम्मूढ-	बहुव्रीहिः,4.3
अ-	बहुव्रीहिः,12.2
हृषीक-	षष्ठी-तत्पुरुषः,3.2
परन्	उपपद-तत्पुरुषः,5.2
हृषीक	षष्ठी-तत्पुरुषः,3.2
अ-	नञ्-तत्पुरुषः,1.2
प्रज्ञा-	षष्ठी-तत्पुरुषः,4.2
गत-	बहुव्रीहिः,7.2
अ-	बहुव्रीहिः,8.2
गत-	बहुव्रीहिः,8.3
जन-	षष्ठी-तत्पुरुषः,12.2
देह	षष्ठी-तत्पुरुषः,9.2
अन्तर	षष्ठी-तत्पुरुषः,9.3
मात्रा-	षष्ठी-तत्पुरुषः,1.2
शीत-	इतरेतर-द्वन्द्वः,4.2
उष्ण-	इतरेतर-द्वन्द्वः,4.3
सुख-	इतरेतर-द्वन्द्वः,4.4
दुःख-	उपपद-तत्पुरुषः,4.5
आगम-	इतरेतर-द्वन्द्वः,5.2
अ-	नञ्-तत्पुरुषः,6.2
पुरुष-	सप्तमी-तत्पुरुषः,7.2
सम-	बहुव्रीहिः,8.2
दुःख-	इतरेतर-द्वन्दः,8.3
अ-	नञ्-तत्पुरुषः,2.2
अ-	नञ्-तत्पुरुषः,6.2
तत्त्व-	षष्ठी-तत्पुरुषः,15.2
अ-	नञ्-तत्पुरुषः,1.2
अ-	बहुव्रीहिः,10.2
अ-	नञ्-तत्पुरुषः,7.2
अ-	नञ्-तत्पुरुषः,8.2
अ-	बहुव्रीहिः,14.2
.	-
अ-	बहुव्रीहिः,2.2
अ-	बहुव्रीहिः,6.2
अ-	बहुव्रीहिः,7.2
अ-	नञ्-तत्पुरुषः,1.2
अ-	नञ्-तत्पुरुषः,3.2
अ-	नञ्-तत्पुरुषः,5.2
अ-	नञ्-तत्पुरुषः,6.2
सर्व-	सप्तमी-तत्पुरुषः,10.2
अ-	नञ्-तत्पुरुषः,12.2
अ-	नञ्-तत्पुरुषः,1.2
अ-	नञ्-तत्पुरुषः,3.2
अ-	नञ्-तत्पुरुषः,5.2
नित्य-	कर्मधारयः,3.2
महा-	बहुव्रीहिः,10.2
अ-	नञ्-तत्पुरुषः,10.2
अ-	नञ्‌-तत्पुरुषः,1.2
व्यक्त-	बहुव्रीहिः,1.3
व्यक्त-	बहुव्रीहिः,3.2
अ-	नञ्‌-तत्पुरुषः,5.2
व्यक्त-	बहुव्रीहिः ,5.3
अ-	नञ्-तत्पुरुषः,3.2
स्व-	षष्ठी-तत्पुरुषः,1.2
स्वर्ग-	षष्ठी-तत्पुरुषः,4.2
स्व-	षष्ठी-तत्पुरुषः,9.2
अ-	नञ्-तत्पुरुषः,1.2
अ-	बहुव्रीहिः,6.2
अ-	नञ्-तत्पुरुषः,9.2
महा-	बहुव्रीहिः,6.2
बहु-	बहुव्रीहिः,10.2
अ-	नञ्‌-तत्पुरुषः,1.2
वाच्य-	कर्मधारयः,1.3
अ-	नञ्-तत्पुरुषः,6.2
कृत-	बहुव्रीहिः,13.2
सुख-	इतरेतर-द्वन्द्वः,1.2
लाभ-	इतरेतर-द्वन्द्वः,4.2
अ-	नञ्‌-तत्पुरुषः,4.3
जय-	इतरेतर-द्वन्द्वः,5.2
अ-	नञ्‌-तत्पुरुषः,5.3
कर्म-	कर्मधारयः,14.2
अभिक्रम-	षष्ठी-तत्पुरुषः,3.2
व्यवसाय-	बहुव्रीहिः,1.2
कुरु-	षष्ठी-तत्पुरुषः,5.2
बहु-	बहुव्रीहिः,6.2
अन्-	बहुव्रीहिः,8.2
अ-	नञ्-तत्पुरुषः,11.2
अ-	नञ्‌-तत्पुरुषः,6.2
वेद-	षष्ठी-तत्पुरुषः,7.2
वाद-	सप्तमी-तत्पुरुषः,7.3
काम-	कर्मधारयः,14.2
स्वर्ग-	बहुव्रीहिः,15.2
जन्म-	इतरेतर-द्वन्द्वः,16.2
कर्म-	षष्ठी-तत्पुरुषः,16.3
फल-	बहुव्रीहिः,16.4
क्रिया-	षष्ठी-तत्पुरुषः,17.2
विशेष-	बहुव्रीहिः,17.3
भोग-	इतरेतर-द्वन्द्वः,18.2
ऐश्वर्य-	षष्ठी-तत्पुरुषः,18.3
भोग-	इतरेतर-द्वन्द्वः,20.2
ऐश्वर्य-	सप्तमी-तत्पुरुषः,20.3
अपहृत-	बहुव्रीहिः,22.2
व्यवसाय-	कर्मधारयः,23.2
.	-
त्रैगुण्य-	बहुव्रीहिः,1.2
निस्-	पञ्चमी-तत्पुरुषः,3.2
निर्-	पञ्चमी-तत्पुरुषः,6.2
नित्य-	उपपद-तत्पुरुषः,7.2
सत्त्व-	कर्मधारयः,7.3
निर्-	बहुव्रीहिः,8.2
योग-	इतरेतर-द्वन्द्वः,8.3
संप्लुत-	बहुव्रीहिः,5.2
कर्म-	षष्ठी-तत्पुरुषः,9.2
फल-	बहुव्रीहिः,9.3
अ-	नञ्-तत्पुरुषः,15.2
योग-	उपपद-तत्पुरुषः,1.2
सिद्धि-	नञ्-तत्पुरुषः,7.2
अ-	इतरेतर-द्वन्द्वः,7.3
बुद्धि-	षष्ठी-तत्पुरुषः,5.2
फल-	बहुव्रीहिः,11.2
बुद्धि-	तृतीया-तत्पुरुषः,1.2
सु-	प्रादि-तत्पुरुषः,5.2
कृत-	इतरेतर-द्वन्द्वः,5.4
दुष्-	प्रादि-तत्पुरुषः,5.4
कर्म-	उपपद-तत्पुरुषः,1.2
बुद्धि-	तृतीया-तत्पुरुषः,2.2
जन्म-	कर्मधारयः,7.2
बन्ध-	तृतीया-तत्पुरुषः,7.3
अन्-	बहुव्रीहिः ,10.2
मोह-	कर्मधारयः,3.2
श्रुति-	तृतीया-तत्पुरुषः,1.2
अ-	नञ्-तत्पुरुषः,7.2
स्थित-	बहुव्रीहिः,1.2
समाधि-	उपपद-तत्पुरुषः,4.2
स्थित-	बहुव्रीहिः,6.2
(स्थित-	बहुव्रीहिः,10.1.2
(स्थित-	बहुव्रीहिः,12.1.2
मनो-	सप्तमी_तत्पुरुषः,6.2
स्थित-	बहुव्रीहिः,11.2
अन्-	नञ्‌-तत्पुरुषः,2.2
उद्विग्न-	बहुव्रीहिः,2.3
विगत-	बहुव्रीहिः,4.2
वीत-	बहुव्रीहिः,5.2
राग-	इतरेतर-द्वन्द्वः,5.3
भय-	इतरेतर-द्वन्द्वः,5.4
स्थित-	बहुव्रीहिः,6.2
अन्-	नञ्-तत्पुरुषः,3.2
शुभ-	इतरेतर-द्वन्द्वः,7.2
अ-	नञ्-तत्पुरुषः,7.3
इन्द्रिय-	षष्ठी-तत्पुरुषः,10.2
निर्-	बहुव्रीहिः ,3.2
रस-	उपपद-तत्पुरुषः,5.2
मत्-	बहुव्रीहिः,6.2
स्मृति-	षष्ठी-तत्पुरुषः,5.2
स्मृति-	षष्ठी-तत्पुरुषः,6.2
बुद्धि-	षष्ठी-तत्पुरुषः,7.2
बुद्धि-	षष्ठी-तत्पुरुषः,8.2
राग-	इतरेतर-द्वन्द्वः,1.2
द्वेष-	तृतीया-तत्पुरुषः,1.3
आत्म-	षष्ठी-तत्पुरुषः,6.2
विधेय-	बहुव्रीहिः,7.2
सर्व-	कर्मधारयः,2.2
प्रसन्न-	बहुव्रीहिः,6.2
अ-	नञ्_तत्पुरुषः,4.2
अ-	नञ्_तत्पुरुषः,7.2
अ-	नञ्_तत्पुरुषः,11.2
अ-	नञ्_तत्पुरुषः,13.2
महत्-	बहुव्रीहिः,3.2
इन्द्रिय-	षष्ठी-तत्पुरुषः,7.2
सर्व-	कर्मधारयः,3.2
अ-	नञ्‌-तत्पुरुषः,2.2
चल-	बहुव्रीहिः,2.3
काम-	सप्तमी-तत्पुरुषः,16.2
निस्-	बहुव्रीहिः ,7.2
निर्-	बहुव्रीहिः ,8.2
निर्-	बहुव्रीहिः ,9.2
अन्त-	षष्ठी_तत्पुरुषः,11.2
ब्रह्म-	सप्तमी_तत्पुरुषः,13.2
अन्-	नञ्-तत्पुरुषः,3.2
प्रकृति-	उपपदसमासः,14.2
अ-	नञ्-तत्पुरुषः,8.2
कर्म-	षष्ठी-तत्पुरुषः,1.2
इन्द्रिय-	षष्ठी-तत्पुरुषः,7.2
विमूढ-	बहुव्रीहिः,8.2
मिथ्या-	बहुव्रीहिः,9.2
अ-	नञ्-तत्पुरुषः,10.2
कर्म-	कर्मधारयः,9.2
कर्म-	षष्ठी-तत्पुरुषः,8.2
अ-	नञ्-तत्पुरुषः,8.2
शरीर-	षष्ठी-तत्पुरुषः,9.2
अ-	नञ्-तत्पुरुषः,15.2
यज्ञ-	चतुर्थी-तत्पुरुषः,1.2
कर्म-	बहुव्रीहिः,6.2
तत्-	चतुर्थी-तत्पुरुषः,7.2
मुक्त-	बहुव्रीहिः,10.2
सह-	बहुव्रीहिः,1.2
प्रजा-	षष्ठी-तत्पुरुषः,6.2
इष्ट-	कर्मधारयः,12.2
काम-	उपपद-समासः,12.3
यज्ञ-	तृतीया-तत्पुरुषः,7.2
यज्ञ-	षष्ठी-तत्पुरुषः,1.2
शिष्टा-	उपपद-तत्पुरुषः,1.3
सर्व-	कर्मधारयः,4.2
आत्म-	षष्ठी-तत्पुरुषः,11.2
अन्न-	षष्ठी-तत्पुरुषः,5.2
कर्म-	पञ्चमी-तत्पुरुषः,10.2
ब्रह्म-	पञ्चमी-तत्पुरुषः,2.2
अक्षर-	पञ्चमी-तत्पुरुषः,5.2
सर्व-	कर्मधारयः,7.2
अघ-	बहुव्रीहिः,8.2
इन्द्रिय-	बहुव्रीहिः,9.2
आत्म-	बहुव्रीहिः,3.2
आत्म-	सप्तमी-तत्पुरुषः,6.2
अ-	नञ्-तत्पुरुषः,7.2
सर्व-	कर्मधारयः,13.2
अर्थ-	चतुर्थी-तत्पुरुषः,15.2
अ-	नञ्-तत्पुरुषः,2.2
अ-	नञ्-तत्पुरुषः,7.2
जनक-	बहुव्रीहिः,6.2
लोक-	षष्ठी-तत्पुरुषः,7.2
अन्-	नञ्-तत्पुरुषः,10.2
अ-	नञ्-तत्पुरुषः,8.2
अ-	नञ्-तत्पुरुषः,3.2
अ-	नञ्-तत्पुरुषः,10.2
लोक-	षष्ठी-तत्पुरुषः,12.2
बुद्धि-	षष्ठी-तत्पुरुषः,2.2
अ-	नञ्-बहुव्रीहिः,4.2
कर्म-	सप्तमी-तत्पुरुषः,5.2
सर्व-	कर्मधारयः,7.2
अहङ्कार-	तत्पुरुषः,6.2
वि-	नञ्-तत्पुरुषः,6.3
मूढ-	बहुव्रीहिः,6.4
तत्त्व-	उपपद-तत्पुरुषः,1.2
महान्-	बहुव्रीहिः,3.2
गुण-	द्वन्द्वः,4.2
कर्म-	षष्ठी-तत्पुरुषः,4.3
गुण-	तृतीया-तत्पुरुषः,2.2
गुण-	षष्ठी-तत्पुरुषः,4.2
अ-	नञ्-तत्पुरुषः,6.2
कृत्स्न-	उपपद-तत्पुरुषः,6.3
कृत्स्न-	उपपद-तत्पुरुषः,8.2
अधि-	अव्ययीभावः,5.2
आत्म-	सप्तमी-तत्पुरुषः,5.3
निर्-	बहुव्रीहिः ,6.2
निर्-	बहुव्रीहिः,7.2
विगत-	बहुव्रीहिः,10.2
अन्-	बहुव्रीहिः,9.2
सर्व-	कर्मधारयः,9.2
ज्ञान-	सप्तमी-तत्पुरुषः,9.3
वि-	बहुव्रीहिः,9.4
अ-	नञ्-बहुव्रीहिः,13.2
राग-	द्वन्द्वः,4.2
स्व-	षष्ठी-तत्पुरुषः,2.2
वि-	बहुव्रीहिः,3.2
पर-	षष्ठी-तत्पुरुषः,4.2
सु-	तत्पुरुषः,5.2
स्व-	षष्ठी-तत्पुरुषः,6.2
पर-	षष्ठी-तत्पुरुषः,9.2
भय-	उपपद-तत्पुरुषः,10.2
अन्-	नञ्-तत्पुरुषः,8.2
रजस्-	षष्ठी-तत्पुरुषः,5.2
गुण-	पञ्चमी-तत्पुरुषः,5.3
नित्य-	केवल-समासः,5.2
काम-	बहुव्रीहिः,6.2
दुष्-	तत्पुरुषः,8.2
ज्ञान-	द्वन्द्वः,11.2
विज्ञान-	षष्ठी-तत्पुरुषः,11.3
महान्-	बहुव्रीहिः,10.2
काम-	बहुव्रीहिः,11.2
परम्परा-	तृतीया-तत्पुरुषः,2.2
राज-	कर्मधारयः,4.2
अ-	नञ्-तत्पुरुषः,1.2
अ-	उपपद_तत्पुरुषः,1.2
अ-	नञ्-तत्पुरुषः,4.2
व्यय-	बहुव्रीहिः,4.3
आत्म-	षष्ठी_तत्पुरुषः,13.2
अ-	नञ्-तत्पुरुषः,9.2
दुष्-	उपपद-तत्पुरुषः,5.2
धर्म-	षष्ठी-तत्पुरुषः,6.2
संस्थापना-	चतुर्थी-तत्पुरुषः,6.3
वीत-	बहुव्रीहिः,1.4
राग-	द्वन्द्वः,1.4
भय-	द्वन्द्वः,1.4
ज्ञान-	कर्मधारयः,6.2
मत्-	षष्ठी-तत्पुरुषः,8.2
कर्म-	उपपद-तत्पुरुषः,13.2
गुण-	द्वन्द्वः,4.2
कर्म-	षष्ठी-तत्पुरुषः,4.3
अ-	बहुव्रीहिः,10.2
अ-	बहुव्रीहिः,11.2
कर्म-	षष्ठी-तत्पुरुषः,7.2
अ-	नञ्-तत्पुरुषः,4.2
अ-	नञ्-तत्पुरुषः,17.2
वि-	कर्मधारयः,7.2
अ-	नञ्-तत्पुरुषः,8.2
अ-	नञ्-तत्पुरुषः,2.2
अ-	नञ्-तत्पुरुषः,5.2
कृत्स्न-	कर्मधारयः,14.2
कर्म-	उपपद-तत्पुरुषः,14.3
काम-	द्वन्द्वः,4.2
सङ्कल्प-	तृतीया-तत्पुरुषः,4.3
ज्ञान-	कर्मधारयः,5.2
अग्नि-	तृतीया-तत्पुरुषः,5.3
दग्ध-	बहुव्रीहिः,5.4
कर्म-	षष्ठी-तत्पुरुषः,2.2
फल-	सप्तमी-तत्पुरुषः,2.3
नित्य-	केवल_समासः,3.2
निर्-	बहुव्रीहिः,4.2
निर्-	बहुव्रीहिः,1.2
यत-	द्वन्द्वः,2.2
चित्त-	बहुव्रीहिः,2.3
त्यक्त-	कर्मधारयः,3.2
सर्व-	बहुव्रीहिः,3.3
यदृच्छा-	तृतीया-तत्पुरुषः,1.2
लाभ-	तृतीया-तत्पुरुषः,1.3
द्वन्द्व-	द्वितीया-तत्पुरुषः,2.2
अ-	नञ्-तत्पुरुषः,6.2
गत-	बहुव्रीहिः,1.2
ज्ञान-	सप्तमी-तत्पुरुषः,3.2
अवस्थित-	बहुव्रीहिः,3.3
ब्रह्म-	कर्मधारयः,5.2
ब्रह्म-	कर्मधारयः,12.2
कर्म-	बहुव्रीहिः,12.3
अ-	नञ्-तत्पुरुषः,3.2
ब्रह्म-	कर्मधारयः,7.2
अ-	नञ्-तत्पुरुषः,8.2
श्रोत्र-	बहुव्रीहिः,1.2
संयम-	कर्मधारयः,4.2
शब्द-	बहुव्रीहिः,6.2
इन्द्रिय-	कर्मधारयः,9.2
इन्द्रिय-	षष्ठी-तत्पुरुषः,2.2
प्राण-	षष्ठी-तत्पुरुषः,3.2
अ-	नञ्-तत्पुरुषः,5.2
आत्मन्-	सप्तमी-तत्पुरुषः,6.2
संयम-	कर्मधारयः,6.3
योग-	कर्मधारयः,6.4
ज्ञान-	तृतीया-तत्पुरुषः,8.2
द्रव्य-	बहुव्रीहिः,1.2
तपः-	बहुव्रीहिः,2.2
योग-	बहुव्रीहिः,3.2
अ-	नञ्-तत्पुरुषः,5.2
स्व-	षष्ठी-तत्पुरुषः,6.2
अध्याय-	षष्ठी-तत्पुरुषः,6.3
ज्ञान-	बहुव्रीहिः.6.4
संशित-	बहुव्रीहिः,9.2
अ-	नञ्-तत्पुरुषः,7.2
प्राण-	द्वन्द्वः,8.2
अपान-	षष्ठी-तत्पुरुषः,8.3
प्राणायाम-	बहुव्रीहिः,10.2
अ-	नञ्-तत्पुरुषः,1.2
नियत-	बहुव्रीहिः,2.2
यज्ञ-	सप्तमी-तत्पुरुषः,9.2
यज्ञ-	तृतीया-तत्पुरुषः,10.2
क्षपित-	बहुव्रीहिः,10.3
यज्ञ-	षष्ठी-तत्पुरुषः,1.2
शिष्ट-	कर्मधारयः,1.3
अमृत-	उपपद-तत्पुरुषः,1.4
अ-	बहुव्रीहिः,9.2
कुरु-	सप्तमी-तत्पुरुषः,12.2
बहु-	बहुव्रीहिः,2.2
कर्म-	उपपद-तत्पुरुषः,7.2
ज्ञान-	कर्मधारयः,4.2
अ-	नञ्_तत्पुरुषः,8.2
तत्त्व-	उपपद-तत्पुरुषः,10.2
अ-	नञ्-तत्पुरुषः,11.2
पाप-	उपपद-तत्पुरुषः,6.2
ज्ञान-	कर्मधारय,8.2
ज्ञान-	कर्मधारयः,8.2
सर्व-	कर्मधारयः,9.2
योग-	तत्पुरुषः,10.2
सं-	तृतीया-तत्पुरुषः,10.3
तत्-	बहुव्रीहिः,4.2
संयत-	बहुव्रीहिः,5.2
अ-	नञ्-तत्पुरुषः,10.2
अ-	उपपद-तत्पुरुषः,1.2
अ-	नञ्-तत्पुरुषः,3.2
संशय-	बहुव्रीहिः,5.2
संशय-	बहुव्रीहिः,15.2
योग-	तृतीया-तत्पुरुषः,1.2
सन्न्यस्त-	बहुव्रीहिः,1.3
ज्ञान-	तृतीया-तत्पुरुषः,2.2
सञ्छिन्न-	बहुव्रीहिः,2.3
अ-	नञ्-तत्पुरुषः,2.2
ज्ञान-	पञ्चमी-तत्पुरुषः,2.3
हृत्-	सप्तमी-तत्पुरुषः,3.2
ज्ञान-	कर्मधारयः,4.2
कर्म-	कर्मधारयः,2.2
निस्-	कर्मधारयः,4.2
श्रेयस-	उपपद-तत्पुरुषः,4.3
कर्म-	षष्ठी-तत्पुरुषः,8.2
कर्म-	कर्मधारयः,9.2
नित्य-	केवल-समासः,3.2
निर्-	बहुव्रीहिः,9.2
महान्-	बहुव्रीहिः,11.2
साङ्ख्य-	द्वन्द्वः,1.2
महान्-	बहुव्रीहिः,3.2
अ-	नञ्-तत्पुरुषः,6.2
योग-	तृतीया-तत्पुरुषः,7.2
न	नञ्-तत्पुरुषः,10.2
योग-	तृतीया-तत्पुरुषः,1.2
विशुद्ध-	बहुव्रीहिः,2.2
विजित-	बहुव्रीहिः,3.2
जित-	बहुव्रीहिः,4.2
सर्व-	कर्मधारयः,5.2
भूत-	कर्मधारयः,5.3
आत्म-	षष्ठी-तत्पुरुषः,5.4
भूत-	बहुव्रीहिः,5.5
तत्त्व-	उपपद-तत्पुरुषः,8.2
इन्द्रिय-	षष्ठी-तत्पुरुषः,24.2
पद्म-	षष्ठी-तत्पुरुषः,12.2
आत्म-	षष्ठी-तत्पुरुषः,12.2
कर्म-	षष्ठी-तत्पुरुषः,2.2
अ-	नञ्-तत्पुरुषः,7.2
काम-	षष्ठी-तत्पुरुषः,8.2
सर्व-	कर्मधारयः,1.2
नव-	बहुव्रीहिः,7.2
कर्म-	षष्ठी-तत्पुरुषः,9.2
फल-	षष्ठी-तत्पुरुषः,9.3
स्व-	षष्ठी-तत्पुरुषः,10.2
अ-	नञ्-तत्पुरुषः,10.2
अ-	नञ्-तत्पुरुषः,4.2
तत्-	बहुव्रीहिः,12.2
तत्-	बहुव्रीहिः,1.2
तत्-	बहुव्रीहिः,2.2
तत्-	बहुव्रीहिः,3.2
तत्-	बहुव्रीहिः,4.2
अ-	नञ्-तत्पुरुषः,6.3
पुनः-	बहुव्रीहिः,6.3
ज्ञान-	तृतीया-तत्पुरुषः,7.2
निर्धूत-	बहुव्रीहिः,7.3
विद्या-	द्वन्द्वः,1.2
विनय-	तृतीया-तत्पुरुषः,1.3
सम-	बहुव्रीहिः,11.2
निर्-	बहुव्रीहिः,10.2
अ-	नञ्-तत्पुरुषः,9.2
स्थिर-	बहुव्रीहिः,10.2
अ-	नञ्-तत्पुरुषः,11.2
ब्रह्म-	उपपद-तत्पुरुषः,12.2
बाह्य-	कर्मधारयः,1.2
अ-	नञ्-तत्पुरुषः,2.2
सक्त-	बहुव्रीहिः,2.3
ब्रह्म-	षष्ठी-तत्पुरुषः,8.2
योग-	तृतीया-तत्पुरुषः,8.3
युक्त-	बहुव्रीहिः,8.4
अ-	बहुव्रीहिः,10.2
संस्पर्श-	उपपद-तत्पुरुषः,3.2
दुःख-	षष्ठी-तत्पुरुषः,5.2
आदि-	द्वन्द्वः,8.2
शरीर-	बहुव्रीहिः,7.2
वि-	षष्ठी-तत्पुरुषः,7.3
काम-	द्वन्द्वः,8.2
क्रोध-	पञ्चमी_तत्पुरुषः,8.3
अन्तः-	बहुव्रीहिः,2.2
अन्तरा-	बहुव्रीहिः,3.2
अन्तः-	बहुव्रीहिः,5.2
ब्रह्म-	सप्तमी-तत्पुरुषः,10.2
ब्रह्म-	द्वितीया-तत्पुरुषः,11.2
ब्रह्म-	सप्तमी-तत्पुरुषः,2.2
क्षीण-	बहुव्रीहिः,4.2
छिन्न-	बहुव्रीहिः,5.2
यत-	बहुव्रीहिः,6.2
सर्व-	कर्मधारयः,7.2
भूत-	षष्ठी-तत्पुरुषः,7.3
काम-	द्वन्द्वः,1.2
क्रोध-	तृतीया-तत्पुरुषः,1.3
यत-	बहुव्रीहिः,3.2
ब्रह्म-	सप्तमी-तत्पुरुषः,5.2
विदित-	बहुव्रीहिः,7.2
प्राण-	द्वन्द्वः,11.2
नासा-	षष्ठी-तत्पुरुषः,14.2
अभ्यन्तर-	उपपदसमासः,14.3
यत्-	बहुव्रीहिः,15.4
इन्द्रिय-	द्वन्द्वः,15.4
मनो-	द्वन्द्वः,15.4
मोक्ष-	बहुव्रीहिः,17.2
विगत-	द्वन्द्वः,18.2
इच्छा-	द्वन्द्वः,18.3
भय-	बहुव्रीहिः,18.4
यज्ञ-	द्वन्द्वः,2.2
सर्व-	कर्मधारयः,3.2
लोक-	कर्मधारयः,3.3
महत्-	षष्ठी-तत्पुरुषः,3.4
सर्व-	कर्मधारयः,5.2
अन्-	नञ्-तत्पुरुषः,1.2
कर्म-	षष्ठी-तत्पुरुषः,2.2
निर्-	बहुव्रीहिः,13.2
अ-	बहुव्रीहिः,16.2
अ-	नञ्-बहुव्रीहिः,11.2
सन्न्यस्त-	बहुव्रीहिः,11.3
योग-	द्वितीया-तत्पुरुषः,7.2
इन्द्रिय-	षष्ठी-तत्पुरुषः,4.2
सर्व-	कर्मधारयः,8.2
सङ्कल्प-	बहुव्रीहिः,8.3
योग-	द्वितीया-तत्पुरुषः,9.2
अन्-	बहुव्रीहिः,10.2
जित-	बहुव्रीहिः,1.2
परम-	कर्मधारयः,3.2
शीत-	द्वन्द्वः,5.4
उष्ण-	द्वन्द्वः,5.4
सुख-	द्वन्द्वः,5.4
मान-	द्वन्द्वः,7.2
ज्ञान-	द्वन्द्वः,1.2
विज्ञान-	तृतीया-तत्पुरुषः,1.3
तृप्त-	बहुव्रीहिः,1.4
कूट-	उपपद-तत्पुरुषः,2.2
विजित-	बहुव्रीहिः,3.2
सम-	कर्मधारयः,8.2
लोष्ट-	द्वन्द्वः,8.3
अश्म-	बहुव्रीहिः,8.4
सुहृत्-	द्वन्द्वः,1.2
मित्र-	द्वन्द्वः,1.7
अरि-	द्वन्द्वः,1.7
उदासीन-	द्वन्द्वः,1.7
मध्यस्थ-	द्वन्द्वः,1.7
द्वेष्य-	द्वन्द्वः,1.7
सम-	बहुव्रीहिः,6.2
यत-	द्वन्द्वः,8.2
चित्त-	बहुव्रीहिः,8.3
निर्-	बहुव्रीहिः,9.2
अ-	बहुव्रीहिः,10.2
अति-	तत्पुरुषः,10.2
चैल-	द्वन्द्वः,11.2
अजिन-	पञ्चमी-तत्पुरुषः,11.3
कुश-	बहुव्रीहिः,11.4
एक-	बहुव्रीहिः,13.2
यत-	द्वन्द्वः,16.2
चित्त-	षष्ठी-तत्पुरुषः,16.3
इन्द्रिय-	बहुव्रीहिः,16.4
आत्म-	षष्ठी-तत्पुरुषः,21.2
काय-	द्वन्द्वः,2.2
शिरः-	द्वन्द्वः,2.3
अ-	नञ्-तत्पुरुषः,4.2
नासिका-	षष्ठी-तत्पुरुषः,7.2
अन्-	नञ्-तत्पुरुषः,11.2
प्रशान्त-	बहुव्रीहिः,12.2
विगत-	बहुव्रीहिः,13.2
ब्रह्मचारि-	षष्ठी-तत्पुरुषः,14.2
मत्-	बहुव्रीहिः,18.2
मत्-	बहुव्रीहिः,21.2
नियत-	बहुव्रीहिः,6.2
निर्वाण-	बहुव्रीहिः,8.2
मत्-	बहुव्रीहिः,9.2
अति-	तत्पुरुषः,2.2
अ-	नञ्_तत्पुरुषः,9.2
अति-	तत्पुरुषः,12.2
स्वप्न-	बहुव्रीहिः,12.3
युक्त-	द्वन्द्वः,1.2
आहार-	बहुव्रीहिः,1.3
युक्त-	बहुव्रीहिः,2.2
युक्त-	द्वन्द्वः,4.2
स्वप्न-	बहुव्रीहिः,4.3
दुःख-	उपपद-तत्पुरुषः,7.2
निस्-	बहुव्रीहिः,7.2
सर्व-	कर्मधारयः,8.2
नि-	बहुव्रीहिः,3.2
वात-	उपपद-तत्पुरुषः,3.3
यत-	बहुव्रीहिः,10.2
योग-	षष्ठी-तत्पुरुषः,5.2
बुद्धि-	तृतीया-तत्पुरुषः,18.2
अति-	तत्पुरुषः,19.2
अ-	नञ्-तत्पुरुषः,33.2
दुःख-	षष्ठी-तत्पुरुषः,49.2
संयोग-	पञ्चमी-तत्पुरुषः,49.3
योग-	कर्मधारयः,50.2
अ-	नञ्-बहुव्रीहिः,55.2
निर्विण्ण-	बहुव्रीहिः,55.3
सङ्कल्प-	बहुव्रीहिः,1.2
अ-	नञ्-तत्पुरुषः,5.2
इन्द्रिय-	षष्ठी-तत्पुरुषः,8.2
धृति-	तृतीया-तत्पुरुषः,15.2
आत्म-	सप्तमी-तत्पुरुषः,16.2
अ-	नञ्_तत्पुरुषः,6.2
प्रशान्त-	बहुव्रीहिः,1.2
शान्त-	बहुव्रीहिः,8.2
ब्रह्म-	सप्तमी-तत्पुरुषः,9.2
अ-	बहुव्रीहिः,10.2
विगत-	बहुव्रीहिः,6.2
ब्रह्म-	बहुव्रीहिः,8.2
सर्व-	कर्मधारयः,1.2
भूत-	उपपद-तत्पुरुषः,1.3
सर्व-	कर्मधारयः,3.2
योग-	तृतीया-तत्पुरुषः,7.2
युक्त-	बहुव्रीहिः,7.3
सम-	बहुव्रीहिः,9.2
सर्व-	कर्मधारयः,1.2
भूत-	सप्तमी-तत्पुरुषः,1.3
आत्मा-	षष्ठी-तत्पुरुषः,1.2
अ-	नञ्-तत्पुरुषः,1.2
महान्-	बहुव्रीहिः,2.2
दुर्-	तत्पुरुषः,4.2
अ-	नञ्-तत्पुरुषः,1.2
संयत-	बहुव्रीहिः,1.3
वश्य-	बहुव्रीहिः,7.2
अ-	नञ्-तत्पुरुषः,1.2
चलित-	बहुव्रीहिः,4.1.2
अ-	नञ्-तत्पुरुषः,5.2
योग-	षष्ठी-तत्पुरुषः,6.2
उभय-	पञ्चमी-तत्पुरुषः,3.2
छिन्न-	कर्मधारयः,4.2
अ-	बहुव्रीहिः,7.2
महान्-	बहुव्रीहिः,8.2
वि-	नञ्-तत्पुरुषः,9.2
अ-	नञ्-तत्पुरुषः,7.2
कल्याण-	उपपद-तत्पुरुषः,12.2
दुर्-	तत्पुरुषः,14.2
पुण्य-	उपपद-तत्पुरुषः,2.2
योग-	पञ्चमी-तत्पुरुषः,10.2
बुद्धि-	षष्ठी-तत्पुरुषः,3.2
पौर्व-	द्वन्द्वः,5.2
कुरु-	षष्ठी-तत्पुरुषः,11.2
पूर्व-	कर्मधारयः,1.2
अ-	नञ्-तत्पुरुषः,6.2
शब्द-	कर्मधारयः,12.2
संशुद्ध-	बहुव्रीहिः,5.2
अन्-	कर्मधारयः,6.2
एक-	कर्मधारयः,6.3
जन्म-	सप्तमी-तत्पुरुषः,6.4
मत्-	सप्तमी-तत्पुरुषः,4.2
आसक्त-	बहुव्रीहिः,2.2
मत्-	बहुव्रीहिः,6.2
अ-	नञ्-तत्पुरुषः,7.2
स-	बहुव्रीहिः,4.2
अ-	नञ्-तत्पुरुषः,7.2
अ-	नञ्-तत्पुरुषः,1.2
जीव-	द्वितीया-तत्पुरुषः,11.2
महान्-	बहुव्रीहिः,12.2
एतत्-	बहुव्रीहिः,1.2
मणि-	षष्ठी-तत्पुरुषः,13.2
शशि-	द्वन्द्वः,7.2
सर्व-	कर्मधारयः,9.2
सर्व-	कर्मधारयः,10.2
सर्व-	कर्मधारयः,3.2
काम-	द्वन्द्वः,5.2
राग-	तृतीया-तत्पुरुषः,5.3
धर्म-	षष्ठी-तत्पुरुषः,6.3
अ-	नञ्-तत्पुरुषः,6.3
अ-	बहुव्रीहिः ,14.2
दुष्-	तत्पुरुषः,3.2
नर-	सप्तमी-तत्पुरुषः,6.2
अपहृत-	बहुव्रीहिः,8.2
चतुर्-	बहुव्रीहिः,1.2
सु-	तत्पुरुषः,5.2
अर्थ-	तृतीया-तत्पुरुषः,9.2
नित्य-	केवल-समासः,3.2
एक-	बहुव्रीहिः,4.2
युक्त-	बहुव्रीहिः,14.2
अन्-	नञ्_बहुव्रीहिः ,17.2
महान्-	बहुव्रीहिः,11.2
हृत-	बहुव्रीहिः,4.2
अन्य-	कर्मधारयः,6.2
अल्प-	बहुव्रीहिः,7.2
देव-	उपपद-तत्पुरुषः,9.2
मद्-	षष्ठी-तत्पुरुषः,11.2
अ-	बहुव्रीहिः,1.2
अ-	बहुव्रीहिः,6.2
अ-	नञ्-तत्पुरुषः,9.2
अ-	बहुव्रीहिः,11.2
अन्-	बहुव्रीहिः,12.2
योग-	तत्पुरुषः,5.2
माया-	तृतीया-तत्पुरुषः,5.3
अ-	नञ्-बहुव्रीहिः,12.2
अ-	नञ्-बहुव्रीहिः,13.2
इच्छा-	द्वन्द्वः,1.2
द्वेष-	तृतीया-तत्पुरुषः,1.3
द्वन्द्व-	षष्ठी-तत्पुरुषः,2.2
सर्व-	कर्मधारयः,4.2
अन्त-	द्वितीया-तत्पुरुषः,3.2
पुण्य-	बहुव्रीहिः,6.2
द्वन्द्व-	षष्ठी-तत्पुरुषः,8.2
मोह-	तृतीया-तत्पुरुषः,8.3
दृढ-	बहुव्रीहिः,11.2
जरा-	द्वन्द्वः,1.2
मरण-	षष्ठी-तत्पुरुषः,1.3
अधि-	अव्ययीभावः,11.2
अधि-	अव्ययीभावः,5.2
पुरुष-	सप्तमी-तत्पुरुषः,8.2
अधि-	अव्ययीभावः,9.2
अधि-	अव्ययीभावः,13.2
अधि-	अव्ययीभावः,1.2
प्रयाण-	षष्ठी-तत्पुरुषः,8.2
नियत-	बहुव्रीहिः,13.2
अ-	नञ्-बहुव्रीहिः,1.2
अधि-	अव्ययीभावः,5.2
भूत-	षष्ठी-तत्पुरुषः,7.3
भाव-	द्वन्द्वः,7.3
उद्भव-	षष्ठी-तत्पुरुषः,7.4
कर्म-	कर्मधारयः,9.2
अधि-	अव्ययीभावः,1.2
अधि-	अव्ययीभावः,6.2
अधि-	अव्ययीभावः,7.2
देह-	उपपद-तत्पुरुषः,12.2
अन्त-	षष्ठी-तत्पुरुषः,1.2
मत्-	षष्ठी-तत्पुरुषः,11.2
तत्-	षष्ठी-तत्पुरुषः,16.2
भाव-	तृतीया-तत्पुरुषः,16.3
अर्पित-	बहुव्रीहिः,9.3
मनः-	द्वन्द्वः,9.3
अ-	नञ्-तत्पुरुषः,13.2
अभ्यास-	कर्मधारयः,1.2
योग-	तृतीया-तत्पुरुषः,1.3
न-	द्वितीया-तत्पुरुषः,3.2
अन्य-	नञ्-तत्पुरुषः,3.3
अ-	नञ्-तत्पुरुषः,10.2
चिन्त्य-	बहुव्रीहिः,10.3
आदित्य-	बहुव्रीहिः ,11.2
प्रयाण-	षष्ठी-तत्पुरुषः,14.2
अ-	नञ्-तत्पुरुषः,16.2
योग-	षष्ठी-तत्पुरुषः,19.2
अ-	नञ्-तत्पुरुषः,2.2
वेद-	उपपद-तत्पुरुषः,3.2
वीत-	बहुव्रीहिः,8.2
ब्रह्म-	चतुर्थी-तत्पुरुषः,11.2
सर्व-	कर्मधारयः,1.2
योग-	षष्ठी-तत्पुरुषः,12.2
अन्-	नञ्_तत्पुरुषः,1.3
अन्य-	बहुव्रीहिः,1.3
नित्य-	कर्मधारयः,11.2
दुःख-	षष्ठी-तत्पुरुषः,4.2
अ-	नञ्-तत्पुरुषः,5.2
महत्-	बहुव्रीहिः,8.2
आ-	कर्मप्रवचनीयः,1.2
ब्रह्म-	षष्ठी-तत्पुरुषः,1.3
सहस्र-	कर्मधारयः,1.2
युग-	बहुव्रीहिः,1.3
युग-	षष्ठी-तत्पुरुषः,7.2
सहस्र-	बहुव्रीहिः,7.3
अहः-	द्वन्द्वः,9.2
रात्र-	उपपद-तत्पुरुषः,9.3
अ-	नञ्-तत्पुरुषः,1.2
अहः-	षष्ठी-तत्पुरुषः,5.2
रात्रि-	षष्ठी-तत्पुरुषः,6.2
अ-	नञ्-तत्पुरुषः,10.2
व्यक्त-	बहुव्रीहिः,10.3
भूत-	षष्ठी-तत्पुरुषः,1.2
रात्रि-	षष्ठी-तत्पुरुषः,8.2
अ-	नञ्-तत्पुरुषः,9.2
अहः-	षष्ठी-तत्पुरुषः,12.2
अ-	नञ्-तत्पुरुषः,6.2
अ-	नञ्-तत्पुरुषः,7.2
अ-	नञ्-तत्पुरुषः,1.2
अ-	नञ्-तत्पुरुषः,2.2
अन्-	बहुव्रीहिः,8.2
अन्तः-	उपपद-तत्पुरुषः,10.2
अन्-	नञ्-तत्पुरुषः,4.2
ब्रह्म-	उपपद-समासः,11.2
शुक्ल-	द्वन्द्वः,1.2
अन्-	नञ्-तत्पुरुषः,10.2
योग-	तृतीया-तत्पुरुषः,12.2
पुण्य-	षष्ठी-तत्पुरुषः,8.2
अन्-	नञ्-तत्पुरुषः,6.2
विज्ञान-	तृतीया-तत्पुरुषः,8.2
अ-	नञ्-तत्पुरुषः,12.2
राज-	षष्ठी-तत्पुरुषः,1.2
राज-	षष्ठी-तत्पुरुषः,2.2
प्रत्यक्ष-	बहुव्रीहिः,6.2
अ-	बहुव्रीहिः ,10.2
अ-	नञ्-तत्पुरुषः,1.2
अ-	नञ्_तत्पुरुषः,6.2
मृत्यु-	कर्मधारयः,9.2
संसार-	षष्ठी-तत्पुरुषः,9.3
अ-	नञ्-तत्पुरुषः,6.2
व्यक्त-	बहुव्रीहिः,6.3
मत्-	उपपद-तत्पुरुषः,7.2
सर्व-	कर्मधारयः,8.2
मत्-	उपपद_तत्पुरुषः,3.2
भूत-	उपपद_तत्पुरुषः,9.2
भूत-	उपपद_तत्पुरुषः,12.2
भूत-	उपपद_तत्पुरुषः,15.2
आकाश-	सप्तमी-तत्पुरुषः,2.2
सर्वत्र-	उपपद-तत्पुरुषः,5.2
मत्-	उपपद-तत्पुरुषः,10.2
सर्व-	कर्मधारयः,1.2
कल्प-	षष्ठी-तत्पुरुषः,6.2
कल्प-	षष्ठी-तत्पुरुषः,9.2
विसृजामि	-0.1
भूत-	षष्ठी-तत्पुरुषः,7.2
अ-	नञ्-तत्पुरुषः,10.2
अ-	नञ्-तत्पुरुषः,10.2
स-	अव्ययीभावः,5.2
चर-	द्वन्दः,5.4
अ-	नञ्-तत्पुरुषः,5.4
अ-	नञ्_तत्पुरुषः,9.2
भूत-	षष्ठी-तत्पुरुषः,11.2
महत्-	कर्मधारयः,11.3
मोघ-	बहुव्रीहिः,1.2
मोघ-	बहुव्रीहिः,2.2
मोघ-	बहुव्रीहिः,3.2
वि-	बहुव्रीहिः,4.2
महत्-	बहुव्रीहिः,1.2
अन्-	नञ्-तत्पुरुषः,9.2
अन्य-	बहुव्रीहिः,9.3
भूत-	षष्ठी-तत्पुरुषः,11.2
अ-	बहुव्रीहिः ,12.2
दृढ-	बहुव्रीहिः,6.2
नित्य-	कर्मधारयः,11.2
ज्ञान-	कर्मधारयः,1.2
विश्वतः-	बहुव्रीहिः,10.2
(अस्मि)	-0.1
(अस्मि)	-0.1
(अस्मि)	-0.1
(अस्मि)	-0.1
(अस्मि)	-0.1
(अस्मि)	-0.1
(अस्मि)	-0.1
(अस्मि)	-0.1
अ-	बहुव्रीहिः ,13.2
अ-	नञ्_तत्पुरुषः,14.2
त्रै-	बहुव्रीहिः,1.2
सोम-	उपपद-तत्पुरुषः,3.2
पूत-	बहुव्रीहिः,4.2
स्वर्-	षष्ठी-तत्पुरुषः,7.2
सुर-	षष्ठी-तत्पुरुषः,12.2
इन्द्र-	षष्ठी-तत्पुरुषः,12.3
देव-	षष्ठी-तत्पुरुषः,16.2
स्वर्ग-	कर्मधारयः,4.2
मर्त्य-	षष्ठी-तत्पुरुषः,8.2
त्रयी-	तत्पुरुषः,11.2
गत-	द्वन्दः,13.2
काम-	बहुव्रीहिः,14.2
अन्-	बहुव्रीहिः ,1.2
नित्य-	कर्मधारयः,8.2
योग-	द्वन्दः,9.2
अन्य-	कर्मधारयः,3.2
अ-	बहुव्रीहिः,14.2
विधि-	नञ्_तत्पुरुषः,14.3
सर्व-	कर्मधारयः,3.2
देव-	बहुव्रीहिः,2.2
पितृ-	बहुव्रीहिः,6.2
भूत-	बहुव्रीहिः,9.2
मत्-	उपपद-तत्पुरुषः,11.2
भक्ति-	तृतीया_तत्पुरुषः,11.2
प्रयत-	बहुव्रीहिः,13.2
तपस्यसि	-
मत्-	सप्तमी-तत्पुरुषः,14.2
शुभ-	द्वन्द्वः,1.2
अ-	नञ्-तत्पुरुषः,1.3
शुभ-	षष्ठी-तत्पुरुषः,1.4
कर्म-	कर्मधारयः,4.2
सन्न्यास-	कर्मधारयः,5.2
योग-	तृतीया-तत्पुरुषः,5.3
युक्त-	बहुव्रीहिः,5.4
वि-	बहुव्रीहिः ,6.2
सर्व-	कर्मधारयः,3.2
सु-	बहुव्रीहिः,3.2
दुर्-	प्रादि-तत्पुरुषः,3.3
अन्-	उपपद-तत्पुरुषः,6.2
अन्य-	नञ्-तत्पुरुषः,6.3
धर्म-	बहुव्रीहिः,3.2
पाप-	बहुव्रीहिः,8.2
राज-	कर्मधारयः,23.2
अ-	नञ्-तत्पुरुषः,25.2
अ-	नञ्-तत्पुरुषः,26.2
पाप-	बहुव्रीहिः,8.2
राज-	कर्मधारयः,23.2
अ-	नञ्-तत्पुरुषः,25.2
अ-	नञ्-तत्पुरुषः,26.2
मत्-	बहुव्रीहिः,1.2
मद्-	षष्ठी-तत्पुरुषः,3.2
मद्-	उपपद-तत्पुरुषः,4.2
मत्-	बहुव्रीहिः,13.2
महान्-	बहुव्रीहिः,3.2
हित-	षष्ठी-तत्पुरुषः,13.2
सुर-गणाः	षष्ठी-तत्पुरुषः,4.2
.	-
.	-
.	-
.	-
वि-	कर्मधारयः,2.2
अ-	नञ्-तत्पुरुषः,10.2
अस्ति	-
.	-
भाव-	तृतीया-तत्पुरुषः,13.2
.	-
मत्-	बहुव्रीहिः,1.2
मत्-	बहुव्रीहिः,2.2
.	-
सतत-	बहुव्रीहिः,2.2
बुद्धि-	षष्ठी-तत्पुरुषः,7.2
अनुकम्पा-	चतुर्थी-तत्पुरुषः,3.2
अ-	नञ्-तत्पुरुषः,5.2
ज्ञान-	उपपद-तत्पुरुषः,5.3
आत्म-	षष्ठी-तत्पुरुषः,8.2
भाव-	उपपद-तत्पुरुषः,8.3
ज्ञान-	षष्ठी-तत्पुरुषः,9.2
आदि-	कर्मधारयः,11.2
अ-	उपपद-तत्पुरुषः,12.2
देव-	कर्मधारयः,18.2
पुरुष-	सप्तमी-तत्पुरुषः,7.2
भूत-	षष्ठी-तत्पुरुषः,8.2
भूत-	षष्ठी-तत्पुरुषः,9.2
देव-	षष्ठी-तत्पुरुषः,10.2
जगत्-	षष्ठी-तत्पुरुषः,11.2
अ-	नञ्-तत्पुरुषः,3.2
आत्म-	षष्ठी-तत्पुरुषः,6.2
वि-	बहुव्रीहिः,6.3
वि-	बहुव्रीहिः ,8.2
वि-	बहुव्रीहिः ,4.2
आत्म-	षष्ठी-तत्पुरुषः,6.2
वि-	बहुव्रीहिः,6.3
कुरु-	सप्तमी-तत्पुरुषः,8.2
सर्व-	कर्मधारयः,4.2
भूत-	षष्ठी-तत्पुरुषः,4.3
आशय-	बहुव्रीहिः,4.4
वित्त-	षष्ठी-तत्पुरुषः,5.2
यक्ष-	द्वन्द्वः,6.2
बृहस्-	षष्ठी-तत्पुरुषः,7.2
महा-	कर्मधारयः,1.2
अ-	नञ्-तत्पुरुषः,7.2
जप-	कर्मधारयः,9.2
हिम-	षष्ठी-तत्पुरुषः,12.2
सर्व-	कर्मधारयः,2.2
देव-	कर्मधारयः,3.2
अमृत-	पञ्च-तत्पुरुषः,5.2
गज-	सप्तमी-तत्पुरुषः,7.2
नर-	सप्तमी-तत्पुरुषः,10.2
काम-	उपपद-तत्पुरुषः,6.2
अन्-	बहुव्रीहिः ,1.2
मृग-	षष्ठी-तत्पुरुषः,10.2
शस्त्र-	उपपद-तत्पुरुषः,5.2
अधि-	अव्ययीभावः,10.2
आत्म-	षष्ठी-तत्पुरुषः,10.3
अ-	नञ्-तत्पुरुषः,1.2
अ-	नञ्-तत्पुरुषः,9.2
विश्वतः-	बहुव्रीहिः,13.2
सर्व-	षष्ठी-तत्पुरुषः,2.2
बृहत्-	बहुव्रीहिः,1.2
कुसुम-	कर्मधारयः,11.2
सर्व-	कर्मधारयः,4.2
चर-	नञ्-तत्पुरुषः,17.2
अ-	इतरेतर-द्वन्दः,17.3
वि-	बहुव्रीहिः ,6.2
वि-	बहुव्रीहिः ,12.2
वि-	प्रादि-तत्पुरुषः,3.2
अंश-	पञ्चमी-तत्पुरुषः,16.2
एक-	कर्मधारयः,12.2
.	-
मत्-	षष्ठी-तत्पुरुषः,1.2
अधि-	अव्ययीभावः,4.2
आत्म-	कर्मधारयः,4.3
भव-	इतरेतर-द्वन्द्वः,1.2
कमल-	षष्ठी-तत्पुरुषः,8.2
पत्र-	बहुव्रीहिः ,8.3
अ-	बहुव्रीहिः ,12.2
परम-	कर्मधारयः,7.2
पुरुष-	सप्तमी_तत्पुरुषः,13.2
योग-	षष्ठी-तत्पुरुषः,9.2
अ-	बहुव्रीहिः,15.2
नाना-	कर्मधारयः,8.2
नाना-	कर्मधारयः,10.2
वर्ण-	बहुव्रीहिः,10.3
अ-	नञ्‌-तत्पुरुषः,9.2
दृष्ट-	कर्मधारयः,9.3
एक-	उपपद-तत्पुरुषः,2.2
स-	नञ्-तत्पुरुषः,7.2
चर-	इतरेतर-द्वन्द्वः,7.3
अ-	बहुव्रीहिः,7.4
स्व-	षष्ठी-तत्पुरुषः,8.2
महत्-	षष्ठी-तत्पुरुषः,5.2
योग-	कर्मधारयः,5.3
अन्-	नञ्‌-तत्पुरुषः,12.2
एक-	बहुव्रीहिः,12.3
वक्त्र-	इतरेतर-द्वन्द्वः,12.4
अन्-	नञ्‌-तत्पुरुषः,13.2
एक-	बहुव्रीहिः,13.3
अद्भुत-	कर्मधारयः,13.4
अन्-	नञ्‌-तत्पुरुषः,14.2
एक-	बहुव्रीहिः,14.3
दिव्य-	कर्मधारयः,14.4
दिव्य-	बहुव्रीहिः,15.2
अन्-	नञ्‌-तत्पुरुषः,15.3
एक-	कर्मधारयः,15.4
उद्यत-	कर्मधारयः,15.5
दिव्य-	बहुव्रीहिः,16.2
माल्य-	इतरेतर-द्वन्द्वः,16.3
अम्बर-	उपपद-तत्पुरुषः,16.4
दिव्य-	बहुव्रीहिः,17.2
गन्ध-	इतरेतर-द्वन्द्वः,17.3
सर्व-	कर्मधारयः,18.2
अन्-	बहुव्रीहिः ,20.2
विश्वतः-	बहुव्रीहिः,21.2
सूर्य-	षष्ठी-तत्पुरुषः,2.2
महत्-	कर्मधारयः,13.2
.	-
एक-	उपपद-तत्पुरुषः,2.2
प्र-	प्रादि-तत्पुरुषः,5.2
अन्-	नञ्-तत्पुरुषः,6.2
देव-	षष्ठी-तत्पुरुषः,8.2
विस्मय-	तृतीया-तत्पुरुषः,3.2
हृष्ट-	बहुव्रीहिः,4.2
धनञ्-	उपपद-तत्पुरुषः,5.2
कृत-	बहुव्रीहिः,9.2
भूत-	कर्मधारयः,8.2
विशेष-	षष्ठी-तत्पुरुषः,8.3
कमल-	षष्ठी-तत्पुरुषः,11.2
आसन-	उपपद-तत्पुरुषः,11.3
अन्-	नञ्‌-तत्पुरुषः,1.2
एक-	बहुव्रीहिः,1.3
बाहु-	इतरेतर-द्वन्द्वः,1.4
उदर-	इतरेतर-द्वन्द्वः,1.5
वक्त्र-	इतरेतर-द्वन्द्वः,1.6
अन्-	नञ्‌-तत्पुरुषः,5.2
अन्त-	बहुव्रीहिः,5.3
विश्व-	षष्ठी-तत्पुरुषः,15.2
विश्व-	बहुव्रीहिः,16.2
तेजः-	षष्ठी-तत्पुरुषः,5.2
दुर्-	प्रादि-तत्पुरुषः,10.2
दीप्त-	कर्मधारयः,12.2
अनल-	इतरेतर_द्वन्द्वः,12.3
अर्क-	बहुव्रीहिः,12.4
अ-	नञ्-तत्पुरुषः,13.2
अ-	नञ्-तत्पुरुषः,2.2
अ-	बहुव्रीहिः ,11.2
शाश्वत-	कर्मधारयः,12.2
धर्म-	षष्ठी-तत्पुरुषः,12.3
अन्-	बहुव्रीहिः,1.2
आदि-	इतरेतर-द्वन्द्वः,1.3
मध्य-	इतरेतर-द्वन्द्वः,1.4
अन्-	नञ्-तत्पुरुषः,2.2
अन्त-	बहुव्रीहिः,2.3
अन्-	नञ्-तत्पुरुषः,3.2
अन्त-	बहुव्रीहिः,3.3
शशि-	इतरेतर-द्वन्द्वः,4.2
सूर्य-	बहुव्रीहिः,4.3
दीप्त-	कर्मधारयः,7.2
हुताश-	बहुव्रीहिः,7.3
स्व-	षष्ठी-तत्पुरुषः,8.2
द्यावा-	इतरेतर-द्वन्द्वः,1.2
लोक-	षष्ठी-तत्पुरुषः,17.2
महत्-	कर्मधारयः,19.2
सुर-	षष्ठी-तत्पुरुषः,4.2
महत्-	कर्मधारयः,13.2
ऋषि-	इतरेतर-द्वन्द्वः,13.3
सिद्ध-	षष्ठी-तत्पुरुषः,13.4
रुद्र-	इतरेतर-द्वन्द्वः,1.2
उष्म-	उपपद-तत्पुरुषः,10.2
गन्धर्व-	इतरेतर-द्वन्द्वः,12.2
यक्ष-	इतरेतर-द्वन्द्वः,12.3
असुर-	इतरेतर-द्वन्द्वः,12.4
सिद्ध-	षष्ठी-तत्पुरुषः,12.5
बहु-	बहुव्रीहिः,4.2
वक्त्र-	इतरेतर_द्वन्द्वः,4.3
महा-	बहुव्रीहिः,5.2
बहु-	बहुव्रीहिः,6.2
बाहु-	इतरेतर_द्वन्द्वः,6.3
उरु-	इतरेतर_द्वन्द्वः,6.4
बहु-	बहुव्रीहिः,7.2
बहु-	कर्मधारयः,8.2
दंष्ट्रा-	बहुव्रीहिः,8.3
नभः-	उपपद-तत्पुरुषः,1.2
अन्-	नञ्-तत्पुरुषः,3.2
एक-	कर्मधारयः,3.3
व्यात्त-	बहुव्रीहिः,4.2
दीप्त-	कर्मधारयः,5.2
विशाल-	बहुव्रीहिः,5.3
प्रव्यथित-	कर्मधारयः,9.2
अन्तः-	बहुव्रीहिः,9.3
दंष्ट्रा-	तृतीया-तत्पुरुषः,1.2
काल-	इतरेतर_द्वन्द्वः,7.2
अनल-	षष्ठी-तत्पुरुषः,7.3
देव-	षष्ठी-तत्पुरुषः,16.2
जगत्-	बहुव्रीहिः,17.2
अवनि-	उपपद-तत्पुरुषः,9.2
पाल-	षष्ठी-तत्पुरुषः,9.3
सूत-	षष्ठी-तत्पुरुषः,12.2
योध-	कर्मधारयः,18.2
दंष्ट्रा-	तृतीया-तत्पुरुषः,23.2
वि-	प्रादि-तत्पुरुषः,26.2
दशन-	षष्ठी-तत्पुरुषः,27.2
उत्तम-	बहुव्रीहिः,30.2
अम्बु-	षष्ठी-तत्पुरुषः,4.2
अभि-	अव्ययीभावः,7.2
नर-	कर्मधारयः,12.2
लोक-	षष्ठी_तत्पुरुषः,12.3
समृद्ध-	बहुव्रीहिः,7.2
समृद्ध-	बहुव्रीहिः,16.2
उग्र-	बहुव्रीहिः,5.2
देव-	सप्तमी-तत्पुरुषः,9.2
लोक-	षष्ठी-तत्पुरुषः,3.2
क्षय-	उपपद-तत्पुरुषः,3.3
निमित्त-	बहुव्रीहिः,17.2
योध-	कर्मधारयः,12.2
.	-
कृत-	बहुव्रीहिः,5.2
स-	बहुव्रीहिः ,13.2
भीत-	पञ्चमी-तत्पुरुषः,14.2
सिद्ध-	षष्ठी-तत्पुरुषः,16.2
महत्-	बहुव्रीहिः,6.2
आदि-	कर्मधारयः,10.2
अन्-	बहुव्रीहिः ,11.2
देव-	षष्ठी-तत्पुरुषः,12.2
जगत्-	बहुव्रीहिः,13.2
अ-	नञ्-तत्पुरुषः,17.2
अ-	नञ्-तत्पुरुषः,19.2
तत्-	षष्ठी-तत्पुरुषः,20.2
आदि-	कर्मधारयः,2.2
अन्-	नञ्-तत्पुरुषः,20.2
अन्त-	बहुव्रीहिः,20.3
प्रजा-	षष्ठी-तत्पुरुषः,6.2
अन्-	नञ्‌-तत्पुरुषः,12.2
अन्त-	बहुव्रीहिः,12.3
अ-	नञ्‌-तत्पुरुषः,13.2
मित-	बहुव्रीहिः,13.3
अ-	नञ्-तत्पुरुषः,14.2
अ-	नञ्-तत्पुरुषः,26.2
सत्-	उपपद-तत्पुरुषः,26.3
विहार-	इतरेतर-द्वन्द्वः,28.2
शय्या-	इतरेतर-द्वन्द्वः,28.3
आसन-	इतरेतर-द्वन्द्वः,28.4
अ-	बहुव्रीहिः ,32.2
तत्-	सम्बन्धः,33.2
अ-	नञ्-तत्पुरुषः,38.2
चर-	इतरेतर-द्वन्द्वः,4.2
अ-	नञ्-तत्पुरुषः,4.3
त्वत्-	कर्मधारयः,12.2
लोक-	षष्ठी-तत्पुरुषः,17.2
अ-	नञ्-तत्पुरुषः,19.2
प्रतिम-	बहुव्रीहिः,19.3
.	-
अ-	नञ्-तत्पुरुषः,1.2
दृष्ट-	बहुव्रीहिः,1.3
देव	षष्ठी-तत्पुरुषः,15.2
देव-	षष्ठी_तत्पुरुषः,17.2
जगत्-	बहुव्रीहिः,18.2
चक्र-	बहुव्रीहिः ,3.2
चतुर्-	बहुव्रीहिः,12.2
सहस्र-	बहुव्रीहिः,13.2
विश्व-	षष्ठी-तत्पुरुषः,15.2
आत्म-	षष्ठी-तत्पुरुषः,9.2
अन्-	बहुव्रीहिः,12.2
त्वद्-	पञ्चमी-तत्पुरुषः,16.2
दृष्ट-	कर्मधारयः,18.2
वेद-	इतरेतर-द्वन्द्वः,2.2
यज्ञ-	इतरेतर-द्वन्द्वः,2.3
एवम्-	बहुव्रीहिः,11.2
नृ-	षष्ठी-तत्पुरुषः,14.2
त्वद्‌-	पञ्चमी-तत्पुरुषः,17.2
कुरु-	षष्ठी-तत्पुरुषः,18.2
विमूढ-	षष्ठी-तत्पुरुषः,6.2
व्यपेत-	बहुव्रीहिः,14.2
प्रीत-	बहुव्रीहिः,15.2
.	-
सौम्य-	बहुव्रीहिः,16.2
महत्-	बहुव्रीहिः,17.2
स-	बहुव्रीहिः ,11.2
सु-	प्रादि-तत्पुरुषः,1.2
दुर्-	प्रादि-तत्पुरुषः,1.3
दर्शन-	षष्ठी-तत्पुरुषः,13.2
एवं-	कर्मधारयः,12.2
अन्-	बहुव्रीहिः,3.2
एवं-	बहुव्रीहिः,6.2
मत्-	षष्ठी-तत्पुरुषः,1.2
कर्म-	उपपद-तत्पुरुषः,1.3
मत्-	बहुव्रीहिः,2.2
मत्-	षष्ठी-तत्पुरुषः,3.2
सङ्ग-	तृतीया-तत्पुरुषः,4.2
निर्-	बहुव्रीहिः ,5.2
सर्व-	कर्मधारयः,6.2
सतत-	कर्मधारयः,2.2
अ-	नञ्-तत्पुरुषः,10.2
अ-	बहुव्रीहिः,11.2
योग-	सप्तमी-तत्पुरुषः,14.2
नित्य-	कर्मधारयः,6.2
अ-	नञ्-तत्पुरुषः,3.2
अ-	नञ्-तत्पुरुषः,4.2
अ-	बहुव्रीहिः,5.2
सर्वत्र-	उपपद-तत्पुरुषः,7.2
अ-	नञ्-तत्पुरुषः,8.2
कूट-	उपपद-तत्पुरुषः,10.2
अ-	नञ्-तत्पुरुषः,11.2
इन्द्रिय-	षष्ठी-तत्पुरुषः,14.2
सम-	बहुव्रीहिः,16.2
सर्व-	कर्मधारयः,21.2
भूत-	षष्ठी-तत्पुरुषः,21.3
अ-	नञ्-तत्पुरुषः,4.2
व्यक्त-	सप्तमी-तत्पुरुषः,4.3
आसक्त-	बहुव्रीहिः,4.4
अ-	नञ्-तत्पुरुषः,5.2
मत्-	बहुव्रीहिः,7.2
अन्-	बहुव्रीहिः,8.2
मृत्यु-	कर्मधारयः,17.2
संसार-	कर्मधारयः,17.3
आवेशित-	बहुव्रीहिः,22.2
अभ्यास-	कर्मधारय,8.2
धनञ्-	उपपद-तत्पुरुष,13.2
अ-	नञ्-तत्पुरुषः,3.2
मत्-	षष्ठी-तत्पुरुषः,5.2
कर्म-	सप्तमी-तत्पुरुषः,5.3
मद्-	चतुर्थी-तत्पुरुषः,7.2
अ-	नञ्-तत्पुरुषः,4.2
मद्-	बहुव्रीहिः,7.2
सर्व-	कर्मधारयः,9.2
कर्म-	षष्ठी-तत्पुरुष,9.3
फल-	षष्ठी-तत्पुरुषः,9.4
यत्-	बहुव्रीहिः,12.2
कर्म-	षष्ठी-तत्पुरुषः-,9.2
फल-	षष्ठी-तत्पुरुषः,9.3
अ-	नञ्-तत्पुरुष,1.2
सर्व-	कर्मधारयः,2.2
निर्-	बहुव्रीहिः,7.2
निर्-	बहुव्रीहिः,8.2
सम-	बहुव्रीहिः,9.2
दुःख-	इतरेतर-द्वन्द्वः,9.3
यत्-	बहुव्रीहिः,14.2 
दृढ-	बहुव्रीहिः,15.2
अर्पित-	बहुव्रीहिः,17.2 
मनः-	इतरेतर-द्वन्द्वः,17.3
मद्-	षष्ठी-तत्पुरुषः,19.2
हर्ष-	इतरेतर-द्वन्द्वः,10.2
अ-	नञ्-तत्पुरुषः,10.3
मर्ष-	इतरेतर-द्वन्द्वः,10.4
भयः-	इतरेतर-द्वन्द्वः,10.5
अन्-	बहुव्रीहिः,1.2
गत-	बहुव्रीहिः,5.2
सर्व-	कर्मधारयः,6.2
आरम्भ-	षष्ठी-तत्पुरुषः,6.3
मद्-	षष्ठी-तत्पुरुषः,8.2
शुभ-	इतरेतर-द्वन्द्वः,10.2
अ-	नञ्-तत्पुरुषः,10.3
शुभ-	बहुव्रीहिः ,10.4
मान-	इतरेतर-द्वन्द्वः,7.2
शीत-	इतरेतर-द्वन्द्वः,8.2
उष्ण-	इतरेतर-द्वन्द्वः,8.3
सुख-	इतरेतर-द्वन्द्वः,8.4
सङ्ग-	तॄतीया-तत्पुरुषः,10.2
तुल्य-	बहुव्रीहिः,1.2
निन्दा-	इतरेतर-द्वन्द्वः,1.3
अ-	बहुव्रीहिः,6.2
स्थिर-	बहुव्रीहिः,7.2
धर्म्य-	कर्मधारयः,3.2
मत्-	बहुव्रीहिः,9.2
क्षेत्र-	उपपद-तत्पुरुषः,12.2
तत्-	उपपद-तत्पुरुषः,14.2
क्षेत्र-	उपपद-तत्पुरुषः,1.2
सर्व-	कर्मधारयः,5.2
क्षेत्र-	इतरेतर-द्वन्द्वः,7.2
क्षेत्र-	उपपद-तत्पुरुषः,7.3
यद्-	बहुव्रीहिः,7.2
यत्‌-	बहुव्रीहिः,15.2
ब्रह्म-	कर्मधारयः,7.2
सूत्र-	षष्ठी-तत्पुरुषः,7.3
अ-	नञ्‌-तत्पुरुषः,4.2
स-	बहुव्रीहिः,12.2
	-
अ-	नञ्-तत्पुरुषः,1.2
अ-	नञ्-तत्पुरुषः,2.2
अ-	नञ्-तत्पुरुषः,3.2
आचार्य-	षष्ठी-तत्पुरुषः,6.2
आत्म-	षष्ठी-तत्पुरुषः,9.2
इन्द्रिय-	इतरेतर-द्वन्द्वः,10.2
अन्-	नञ्-तत्पुरुष,12.2
जन्म-	इतरेतर-द्वन्द्वः,15.2
मृत्यु-	इतरेतर-द्वन्द्वः,15.3
जरा-	इतरेतर-द्वन्द्वः,15.4
व्याधि-	इतरेतर-द्वन्द्वः,15.5
दुःख-	इतरेतर-द्वन्द्वः,15.6
दोष-	षष्ठी-तत्पुरुषः,15.7
अ-	नञ्-तत्पुरुष,16.2
अन्-	नञ्-तत्पुरुष,17.2
पुत्र-	इतरेतर-द्वन्द्वः,18.2
दार-	इतरेतर-द्वन्द्वः,18.3
गृह-	बहुव्रीहिः,18.4
सम-	कर्मधारयः,21.2
इष्ट-	इतरेतर-द्वन्द्वः,22.2
अनिष्ट-	कर्मधारयः,22.3
अन्-	नञ्-तत्पुरुष,25.2
अन्य-	कर्मधारयः,25.3
अ-	नञ्-तत्पुरुषः,27.2
विविक्त-	कर्मधारयः,28.2
देश-	सप्तमी-तत्पुरुषः,28.3
अ-	नञ्-तत्पुरुष,29.2
जन-	षष्ठी-तत्पुरुषः,30.2
अधि-	षष्ठी-तत्पुरुषः,32.3
आत्म-	अव्ययीभावः,31.1
ज्ञान-	सप्तमी-तत्पुरुषः,32.4
तत्त्व-	षष्ठी-तत्पुरुषः,33.2
ज्ञान-	इतरेतर-द्वन्द्वः,33.3
अर्थ-	षष्ठी-तत्पुरुषः,33.4
अ-	नञ्-तत्पुरुष,38.2
अ-	नञ्-तत्पुरुषः,1.2
अ-	नञ्-तत्पुरुषः,2.2
अ-	नञ्-तत्पुरुषः,3.2
आचार्य-	षष्ठी-तत्पुरुषः,6.2
आत्म-	षष्ठी-तत्पुरुषः,9.2
इन्द्रिय-	इतरेतर-द्वन्द्वः,10.2
अन्-	नञ्-तत्पुरुष,12.2
जन्म-	इतरेतर-द्वन्द्वः,15.2
मृत्यु-	इतरेतर-द्वन्द्वः,15.3
जरा-	इतरेतर-द्वन्द्वः,15.4
व्याधि-	इतरेतर-द्वन्द्वः,15.5
दुःख-	इतरेतर-द्वन्द्वः,15.6
दोष-	षष्ठी-तत्पुरुषः,15.7
अ-	नञ्-तत्पुरुष,16.2
अन्-	नञ्-तत्पुरुष,17.2
पुत्र-	इतरेतर-द्वन्द्वः,18.2
दार-	इतरेतर-द्वन्द्वः,18.3
गृह-	बहुव्रीहिः,18.4
सम-	कर्मधारयः,21.2
इष्ट-	इतरेतर-द्वन्द्वः,22.2
अनिष्ट-	कर्मधारयः,22.3
अन्-	नञ्-तत्पुरुष,25.2
अन्य-	कर्मधारयः,25.3
अ-	नञ्-तत्पुरुषः,27.2
विविक्त-	कर्मधारयः,28.2
देश-	सप्तमी-तत्पुरुषः,28.3
अ-	नञ्-तत्पुरुष,29.2
जन-	षष्ठी-तत्पुरुषः,30.2
अधि-	षष्ठी-तत्पुरुषः,32.3
आत्म-	अव्ययीभावः,31.1
ज्ञान-	सप्तमी-तत्पुरुषः,32.4
तत्त्व-	षष्ठी-तत्पुरुषः,33.2
ज्ञान-	इतरेतर-द्वन्द्वः,33.3
अर्थ-	षष्ठी-तत्पुरुषः,33.4
अ-	नञ्-तत्पुरुष,38.2
अ-	नञ्-तत्पुरुषः,7.2
अन्-	नञ्-तत्पुरुषः,9.2
अ-	नञ्-तत्पुरुष,15.2
	-
पाणि-	इतरेतर-द्वन्द्वः,1.3
अक्षि-	इतरेतर-द्वन्द्वः,3.3
शिरो-	इतरेतर-द्वन्द्वः,3.4
सर्व-	कर्मधारयः,2.2
इन्द्रिय-	षष्ठी-तत्पुरुषः,2.3
गुण-	उपपद-तत्पुरुषः,2.4
सर्व-	कर्मधारयः,3.2
इन्द्रिय-	तृतीया-तत्पुरुषः,3.3
अ-	नञ्-तत्पुरुषः,5.2
सर्व-	उपपद-तत्पुरुषः,6.2
निर्-	बहुव्रीहिः,9.2
गुण-	षष्ठी-तत्पुरुष,10.2
	-
अ-	नञ्-तत्पुरुषः,5.2
अ-	नञ्-तत्पुरुषः,11.2
दूर-	उपपद-तत्पुरुषः,12.2
अ-	नञ्-तत्पुरुष,2.2
भूत-	उपपद-तत्पुरुष,9.2
	-
ज्ञान-	तृतीया-तत्पुरुषः,10.2
.	-
मद्-	षष्ठी-तत्पुरुष,9.2
मद्-	षष्ठी-तत्पुरुष,12.2
	-
अन्-	बहुव्रीहिः,6.2
प्रकृति-	बहुव्रीहिः,15.2
कार्य-	इतरेतर-द्वन्द्वः,1.2
कारण-	षष्ठी-तत्पुरुषः,1.3
सुख-	इतरेतर-द्वन्द्वः,6.2
	-
प्रकृति-	उपपद-तत्पुरुषः,2.2
प्रकृति-	उपपद-तत्पुरुषः,5.2
गुण-	सप्तमी-तत्पुरुषः,8.2
सत्-	इतरेतर-द्वन्द्वः,10.2
अ-	नञ्-तत्पुरुषः,10.3
सत्-	कर्मधारयः,10.4
योनि-	सप्तमी-तत्पुरुषः,10.5
महा-	कर्मधारयः,6.2
परम-	कर्मधारयः,7.2
कर्म-	कर्मधारयः,10.2
अ-	नञ्-तत्पुरुषः,12.2
अ-	नञ्-तत्पुरुषः,4.2
श्रुति-	बहुव्रीहिः,14.2
स्थावर-	इतरेतर-द्वन्दः,5.2
क्षेत्र-	इतरेतर-द्वन्द्वः,6.2
क्षेत्र-	उपपद-तत्पुरुषः,6.3
ज्ञ-	षष्ठी-तत्पुरुषः,6.4
परम-	कर्मधारयः,5.2
अ-	नञ्-तत्पुरुषः,7.2
अ-	बहुव्रीहिः,11.2
भूत-	षष्ठी-तत्पुरुषः,2.2
एक-	उपपद_तत्पुरुषः,3.2
अन्-	नञ्-तत्पुरुष,1.2
निर्-	बहुव्रीहिः,2.2
परम-	कर्मधारयः,3.2
शरीर-	उपपद-तत्पुरुष,7.2
	-
सर्व-	कर्मधारयः,2.2
क्षेत्र-	इतरेतर-द्वन्द्वः,1.2
क्षेत्र-	उपपद-तत्पुरुषः,1.3
ज्ञान-	बहुव्रीहिः,4.2
भूत-	षष्ठी-तत्पुरुष,5.2
प्रकृति-	षष्ठी-तत्पुरुष,5.3
सर्व-	कर्मधारयः,10.2
सर्व-	कर्मधारयः,1.2
बीज-	उपपद_तत्पुरुषः,11.2
प्र-	षष्ठी_तत्पुरुषः,11.3
प्रकृति-	पञ्चमी-तत्पुरुषः,5.2
.	-
निर्-	अव्ययीभावः,3.2
अन्-	नञ्-तत्पुरुषः,5.2
सुख-	तृतीया-तत्पुरुषः,6.2
ज्ञान-	तृतीया-तत्पुरुषः,8.2
अन्-	नञ्-तत्पुरुषः,10.2
राग-	बहुव्रीहिः,2.2
तृष्णा-	इतरेतर-द्वन्द्वः,4.2
सङ्ग-	षष्ठी-तत्पुरुषः,4.3
कर्म-	सप्तमी_तत्पुरुषः,8.2
अ-	नञ्-तत्पुरुषः,3.2
ज्ञान-	उपपद_तत्पुरुषः,3.3
सर्व-	षष्ठी_तत्पुरुषः,6.2
प्रमाद-	इतरेतर-द्वन्द्वः,7.2
आलस्य-	इतरेतर-द्वन्द्वः,7.3
सर्व-	कर्मधारयः,1.2
अ-	नञ्_तत्पुरुषः,5.2
.	-
देह-	उपपद_तत्पुरुषः,7.2
उत्तम-	उपपद_तत्पुरुषः,9.2
अ-	नञ्_तत्पुरुषः,11.2
(देह-	उपपद_तत्पुरुषः,12.1.2
कर्म-	सप्तमी_तत्पुरुषः,4.2
प्र-	प्रादि_तत्पुरुषः,7.2
मूढ-	कर्मधारयः,9.2
सु-	कर्मधारयः,2.2
निर्-	बहुव्रीहिः ,5.2
अ-	नञ्_तत्पुरुषः,11.2
(आहुः)	-0.1
प्रमाद-	द्वन्दः,8.2
अ-	नञ्_तत्पुरुषः,11.2
सत्त्व-	उपपद_तत्पुरुषः,3.2
जघन्य-	कर्मधारयः,7.2
गुण-	षष्ठी-तत्पुरुषः,7.3
वृत्ति-	उपपद_तत्पुरुषः,7.4
मद्-	सप्तमी_तत्पुरुषः,12.2
देह-	पञ्चमी-तत्पुरुषः,6.2
जन्म-	इतरेतर-द्वन्द्वः,7.2
मृत्यु-	इतरेतर-द्वन्द्वः,7.3
जरा-	इतरेतर-द्वन्द्वः,7.4
वि-	बहुव्रीहिः ,8.2
किम्-	बहुव्रीहिः,9.2
भवति	-
.	-
.	-
.	-
.	-
.	-
अवतिष्ठति	-
इङ्गते	-
.	-
सम-	द्वन्दः,1.2
दुःख-	बहुव्रीहिः,1.3
स्व-	उपपद_तत्पुरुषः,2.2
सम-	द्वन्दः,3.2
लोष्ट-	बहुव्रीहिः,3.3
अश्म-	,3.4
तुल्य-	नञ्_तत्पुरुषः,4.2
प्रिय-	द्वन्दः,4.3
अ-	बहुव्रीहिः,4.4
तुल्य-	द्वन्दः,6.2
निन्दा-	बहुव्रीहिः,6.3
आत्म-	,6.4
मान-	द्वन्दः,7.2
मित्र-	-,10.2
अरि-	षष्ठी_तत्पुरुषः,10.3
सर्व-	-,11.2
आरम्भ-	षष्ठी_तत्पुरुषः,11.3
गुण-	द्वितीया_तत्पुरुषः,12.2
सम-	द्वन्दः,1.2
दुःख-	बहुव्रीहिः,1.3
स्व-	उपपद_तत्पुरुषः,2.2
सम-	द्वन्दः,3.2
लोष्ट-	बहुव्रीहिः,3.3
अश्म-	,3.4
तुल्य-	नञ्_तत्पुरुषः,4.2
प्रिय-	द्वन्दः,4.3
अ-	बहुव्रीहिः,4.4
तुल्य-	द्वन्दः,6.2
निन्दा-	बहुव्रीहिः,6.3
आत्म-	,6.4
मान-	द्वन्दः,7.2
मित्र-	-,10.2
अरि-	षष्ठी_तत्पुरुषः,10.3
सर्व-	-,11.2
आरम्भ-	षष्ठी_तत्पुरुषः,11.3
गुण-	द्वितीया_तत्पुरुषः,12.2
अ-	बहुव्रीहिः ,4.2
भक्ति-	कर्मधारयः,5.2
ब्रह्म-	षष्ठी_तत्पुरुषः,11.2
अ-	बहुव्रीहिः ,6.2
ऊर्ध्व-	बहुव्रीहिः,1.2
अधः-	बहुव्रीहिः,2.2
प्राहुः	-
अ-	बहुव्रीहिः ,5.2
वेद-	उपपद-तत्पुरुषः,13.2
गुण-	तृतीया-तत्पुरुषः,7.2
विषय-	कर्मधारयः,8.2
अनु-	अव्ययीभावः,12.2
कर्म-	बहुव्रीहिः,13.2
मनुष्य-	षष्ठी-तत्पुरुषः,14.2
सुविरूढ-	बहुव्रीहिः,17.2
अ-	नञ्-तत्पुरुषः,18.2
सङ्ग-	कर्मधारयः,18.3
सुविरूढ-	बहुव्रीहिः,17.2
अ-	नञ्-तत्पुरुषः,18.2
सङ्ग-	कर्मधारयः,18.3
निर्-	बहुव्रीहिः,1.2
मान-	इतरेतर-द्वन्द्वः,1.3
जित-	बहुव्रीहिः,2.2
सङ्ग-	बहुव्रीहिः,2.3
अधि-	अव्ययीभावः,3.2
आत्मा-	सप्तमी-तत्पुरुषः,3.3
वि-	बहुव्रीहिः,4.2
निवृत्त-	बहुव्रीहिः,4.3
सुख-	इतरेतर-द्वन्द्वः,7.2
दुःख-	बहुव्रीहिः,7.3
अ-	नञ्-तत्पुरुषः,9.2
अ-	बहुव्रीहिः ,11.2
निवर्तन्ते	-
जीव-	षष्ठी-तत्पुरुषः,4.2
जीव-	तृतीया-तत्पुरुषः,5.2
मनः-	कर्मधारयः,7.2
प्रकृति-	उपपद-तत्पुरुषः,9.2
उत्क्रामति	-
संयाति	-
उपसेवते	-
गुण-	तृतीया_तत्पुरुषः,7.2
ज्ञान-	बहुव्रीहिः,12.2
अ-	नञ्-तत्पुरुषः,10.2
कृत-	बहुव्रीहिः,10.3
अ-	बहुव्रीहिः ,14.2
आदित्य-	द्वितीया-तत्पुरुषः,2.2
अ-	नञ्-तत्पुरुषः,6.2
पुष्णामि	-
रस-	बहुव्रीहिः,14.2
प्राण-	इतरेतरद्वन्द्वः,7.2
अपान-	तृतीया_तत्पुरुषः,7.3
चतुर्-	बहुव्रीहिः,10.2
(भवति)	-
वेद-	षष्ठी-तत्पुरुषः,17.2
अन्त-	उपपद-तत्पुरुषः,17.3
वेद-	उपपद-तत्पुरुषः,18.2
(अस्मि)	-
(स्तः)	-
परम-	कर्मधारयः,5.2
लोक-	षष्ठी_तत्पुरुषः,9.2
अ-	बहुव्रीहिः ,12.2
अ-	नञ्-तत्पुरुषः,5.2
लोके	सुप्-समुच्चितः,12.1
पुरुष-	कर्मधारयः,15.2
अ-	नञ्-तत्पुरुषः,4.2
पुरुष-	सप्तमी-तत्पुरुषः,6.2
सर्व-	उपपद-तत्पुरुषः,8.2
सर्व-	कर्मधारयः,11.2
गुह्य-	तत्पुरुषः,2.2
अन्-	बहुव्रीहिः ,7.2
स्यात्	-
कृत-	बहुव्रीहिः,12.2
अ-	नञ्-तत्पुरुषः,1.2
सत्त्व-	षष्ठी-तत्पुरुषः,2.2
ज्ञान-	षष्ठी-तत्पुरुषः-,3.2
योग-	सप्तमी-तत्पुरुषः,3.3
स्व-	षष्ठी-तत्पुरुषः,9.2
अ-	नञ्-तत्पुरुषः,12.2
अ-	नञ्-तत्पुरुषः,14.2
अ-	नञ्-तत्पुरुषः,17.2
अ-	नञ्-तत्पुरुषः,20.2
अ-	नञ्-तत्पुरुषः,23.2
अ-	नञ्-तत्पुरुषः,28.2
न-	नञ्-तत्पुरुषः,29.2
अति-	बहुव्रीहिः,29.3
अ-	नञ्-तत्पुरुषः,1.2
सत्त्व-	षष्ठी-तत्पुरुषः,2.2
ज्ञान-	षष्ठी-तत्पुरुषः-,3.2
योग-	सप्तमी-तत्पुरुषः,3.3
स्व-	षष्ठी-तत्पुरुषः,9.2
अ-	नञ्-तत्पुरुषः,12.2
अ-	नञ्-तत्पुरुषः,14.2
अ-	नञ्-तत्पुरुषः,17.2
अ-	नञ्-तत्पुरुषः,20.2
अ-	नञ्-तत्पुरुषः,23.2
अ-	नञ्-तत्पुरुषः,28.2
न-	नञ्-तत्पुरुषः,29.2
अति-	बहुव्रीहिः,29.3
अ-	नञ्-तत्पुरुषः,1.2
सत्त्व-	षष्ठी-तत्पुरुषः,2.2
ज्ञान-	षष्ठी-तत्पुरुषः-,3.2
योग-	सप्तमी-तत्पुरुषः,3.3
स्व-	षष्ठी-तत्पुरुषः,9.2
अ-	नञ्-तत्पुरुषः,12.2
अ-	नञ्-तत्पुरुषः,14.2
अ-	नञ्-तत्पुरुषः,17.2
अ-	नञ्-तत्पुरुषः,20.2
अ-	नञ्-तत्पुरुषः,23.2
अ-	नञ्-तत्पुरुषः,28.2
न-	नञ्-तत्पुरुषः,29.2
अति-	बहुव्रीहिः,29.3
(अस्ति)	-
.	-
(स्तः)	-
प्रोक्तः	-
शृणु	-
.	-
अ-	नञ्-तत्पुरुषः,1.2
अ-	नञ्-तत्पुरुषः,2.2
अन्-	नञ्-तत्पुरुषः,6.2
अपरः-	इतरेतर-द्वन्द्वः,7.2
पर-	पञ्चमी-तत्पुरुषः,7.3
काम-	बहुव्रीहिः,10.2
नष्ट-	बहुव्रीहिः,4.2
अल्प-	बहुव्रीहिः,5.2
उग्र-	बहुव्रीहिः,7.2
अ-	बहुव्रीहिः,10.2
दुष्-	प्रादि-तत्पुरुषः,3.2
दम्भ-	इतरेतर-द्वन्द्वः,4.3
मान-	इतरेतर-द्वन्द्वः,4.3
मद-	तृतीया-तत्पुरुषः,4.4
अ-	नञ्-तत्पुरुषः,7.2
सद्-	कर्मधारयः,7.3
अ-	नञ्-तत्पुरुषः,9.2
शुचि-	बहुव्रीहिः,9.3
अ-	नञ्-तत्पुरुषः,2.2
काम-	षष्ठी-तत्पुरुषः,6.2
उपभोग-	बहुव्रीहिः,6.3
निश्चिताः	-
.	-
आशा-	कर्मधारयः,1.2
पाश-	षष्ठी-तत्पुरुषः,1.3
काम-	इतरेतर-द्वन्द्वः,3.2
क्रोध-	बहुव्रीहिः,3.3
काम-	षष्ठी-तत्पुरुषः,5.2
भोग-	चतुर्थी-तत्पुरुषः,5.3
अ-	बहुव्रीहिः ,6.2
अर्थ-	षष्ठी-तत्पुरुषः,7.2
लब्धम्	-
प्राप्स्ये	-
मनः-	षष्ठी-तत्पुरुषः,7.2
हनिष्ये	-
अ-	नञ्-तत्पुरुषः,7.2
अस्मि	-
मोदिष्ये	-
अ-	नञ्-तत्पुरुषः,13.2
ज्ञान-	तृतीया-तत्पुरुषः,13.3
(सन्ति)	-
.	-
अनेक-	षष्ठी-तत्पुरुषः,1.2
चित्त-	कर्मधारयः,1.3
मोह-	षष्ठी-तत्पुरुषः,2.2
जाल-	तृतीया-तत्पुरुषः,2.3
अ-	नञ्-तत्पुरुषः,3.2
ज्ञान-	बहुव्रीहिः,3.3
काम-	षष्ठी-तत्पुरुषः,6.2
अ-	नञ्-तत्पुरुषः,7.2
पतन्ति	-
.	-
आत्म-	तृतीया-तत्पुरुषः,1.2
धन-	इतरेतर-द्वन्द्वः,3.3
मान-	इतरेतर-द्वन्द्वः,3.3
मद-	तृतीया-तत्पुरुषः,3.4
नाम-	कर्मधारयः,5.2
अ-	बहुव्रीहिः,8.2
विधि-	नञ्-तत्पुरुषः,8.3
आत्म-	समाहार-द्वन्द्वः,9.2
पर-	षष्ठी-तत्पुरुषः,9.3
अभि-	अव्ययीभावः,11.2
नर-	सप्तमी-तत्पुरुषः,6.2
अ-	नञ्-तत्पुरुषः,9.2
अ-	नञ्-तत्पुरुषः,8.2
(अस्ति)	-
त्यजेत्	-
.	-
वि-	बहुव्रीहिः ,2.2
तमः-	षष्ठी-तत्पुरुषः,4.2
वर्तते	-
अवाप्नोति	-
(अवाप्नोति)	-
(अवाप्नोति)	-
.	-
कार्य-	इतरेतर-द्वन्द्वः,5.3
अ-	नञ्-तत्पुरुषः,5.3
कार्य-	बहुव्रीहिः,5.4
शास्त्र-	षष्ठी-तत्पुरुषः,7.2
विधान-	तृतीया-तत्पुरुषः,7.3
निष्ठा	-
.	-
भवति	-
शृणु	-
.	-
सत्त्व-	षष्ठी-तत्पुरुषः,1.2
श्रद्धा-	बहुव्रीहिः,6.2
यत्-	बहुव्रीहिः,10.2
यक्ष-	इतरेतर-द्वन्द्वः,4.2
भूत-	षष्ठी_तत्पुरुषः,7.2
अ-	नञ्-तत्पुरुषः,1.2
शास्त्र-	तृतीया-तत्पुरुषः,1.3
दम्भ-	इतरेतर-द्वन्द्वः,7.2
अहङ्कार-	तृतीया-तत्पुरुषः,7.3
काम-	इतरेतर-द्वन्द्वः,8.3
राग-	इतरेतर-द्वन्द्वः,8.3
बल-	तृतीया-तत्पुरुषः,8.4
शरीर-	उपपद-तत्पुरुषः,2.2
भूत-	षष्ठी-तत्पुरुषः,3.2
अ-	बहुव्रीहिः ,4.2
अन्तः-	षष्ठी-तत्पुरुषः,8.2
शरीर-	उपपद-तत्पुरुषः,8.3
आसुर-	बहुव्रीहिः,11.2
त्रि-	बहुव्रीहिः,5.2
शृणु	-
आयुः-	इतरेतर-द्वन्द्वः,1.6
सत्त्व-	इतरेतर-द्वन्द्वः,1.6
बल-	इतरेतर-द्वन्द्वः,1.6
आरोग्य-	इतरेतर-द्वन्द्वः,1.6
सुख-	इतरेतर-द्वन्द्वः,1.6
प्रीति-	षष्ठी-तत्पुरुषः,1.7
सात्त्विक-	षष्ठी-तत्पुरुषः,7.2
कटु-	इतरेतर-द्वन्द्वः,1.7
अम्ल-	इतरेतर-द्वन्द्वः,1.7
लवण-	इतरेतर-द्वन्द्वः,1.7
अत्युष्ण-	इतरेतर-द्वन्द्वः,1.7
तीक्ष्ण-	इतरेतर-द्वन्द्वः,1.7
रूक्ष-	इतरेतर-द्वन्द्वः,1.7
दुःख-	इतरेतर-द्वन्द्वः,5.3
शोक-	इतरेतर-द्वन्द्वः,5.3
आमय-	उपपद-तत्पुरुषः,5.4
यात-	बहुव्रीहिः,1.2
गत-	बहुव्रीहिः,2.2
अ-	नञ्-तत्पुरुषः,10.2
तामस-	षष्ठी-तत्पुरुषः,12.2
(भवति)	-
अ-	नञ्-तत्पुरुषः,1.2
फल-	उपपद-तत्पुरुषः,1.3
विधि-	तृतीया_तत्पुरुषः,3.2
इज्यते	-
(अस्ति)	-
दम्भ-	चतुर्थी-तत्पुरुषः,4.2
भरत-	कर्मधारयः,10.2
विधि-	तृतीया-तत्पुरुषः,1.2
अ-	बहुव्रीहिः,2.2
सृष्ट-	कर्मधारयः,2.3
मन्त्र-	तृतीया-तत्पुरुषः,3.2
अ-	बहुव्रीहिः ,4.2
श्रद्धा-	तृतीया-तत्पुरुषः,5.2
परिचक्षते	-
देव-	इतरेतर-द्वन्द्वः,1.4
द्विज-	इतरेतर-द्वन्द्वः,1.4
गुरु-	इतरेतर-द्वन्द्वः,1.4
प्राज्ञ-	षष्ठी-तत्पुरुषः,1.5
ब्रह्म-	षष्ठी-तत्पुरुषः,4.2
अ-	नञ्-तत्पुरुषः,5.2
अन्-	नञ्-तत्पुरुषः,1.2
उद्वेग-	षष्ठी-तत्पुरुषः,1.3
प्रिय-	कर्मधारयः,4.2
स्व-	षष्ठी-तत्पुरुषः,7.2
अध्याय-	इतरेतर-द्वन्द्वः,7.3
मनः-	षष्ठी-सम्बन्धः,1.2
आत्म-	षष्ठी-तत्पुरुषः,4.2
उच्यते	-
.	-
त्रि-	बहुव्रीहिः,6.2
अ-	उपपद-तत्पुरुषः,8.2
फल-	नञ्-तत्पुरुषः,8.3
परिचक्षते	-
सत्कार-	इतरेतर-द्वन्द्वः,1.3
मान-	इतरेतर-द्वन्द्वः,1.3
पूजा-	चतुर्थी-तत्पुरुषः,1.4
प्रोक्तम्	-
अ-	नञ्-तत्पुरुषः,13.2
मूढ-	कर्मधारयः,1.2
क्रियते	-
उत्-	प्रादि-समासः,8.2
उदाहृतम्	-
.	-
प्रत्युपकार-	चतुर्थी-तत्पुरुषः,3.2
अ-	नञ्-तत्पुरुषः,1.2
देश-	इतरेतर-द्वन्द्वः,1.3
अ-	नञ्-तत्पुरुषः,4.2
अ-	नञ्-तत्पुरुषः,7.2
त्रि-	बहुव्रीहिः,7.2
स्मृतः	-
यज्ञ-	इतरेतर-द्वन्द्वः,5.4
दान-	इतरेतर-द्वन्द्वः,5.4
तपः-	इतरेतर-द्वन्द्वः,5.4
विधान-	सप्तमी-तत्पुरुषः,7.2
ब्रह्म-	उपपद-तत्पुरुषः,9.2
अन्-	नञ्-तत्पुरुषः,3.2
यज्ञ-	इतरेतर-द्वन्द्वः,5.3
तपः-	इतरेतर-द्वन्द्वः,5.3
दान-	कर्मधारयः,6.2
मोक्ष-	षष्ठी-तत्पुरुषः,10.2
सत्-	कर्मधारयः,11.2
उच्यते	-
तत्-	चतुर्थी_तत्पुरुषः,13.2
अ-	नञ्_तत्पुरुषः,1.2
कृतम्	-
अ-	नञ्_तत्पुरुषः,9.2
उच्यते	-
(अस्ति)	-
(अस्ति)	-
महान्-	बहुव्रीहिः,2.2
सर्व-	षष्ठी-तत्पुरुषः,7.2
कर्म-	षष्ठी-तत्पुरुषः,7.3
फल-	षष्ठी_तत्पुरुषः,7.4
यज्ञ-	समाहार-द्वन्द्वः,8.4
दान-	समाहार-द्वन्द्वः,8.4
तपः-	समाहार-द्वन्द्वः,8.4
अ-	नञ्-तत्पुरुषः,13.2
पुरुष-	कर्मधारयः,9.2
त्रि-	बहुव्रीहिः,10.2
यज्ञ-	समाहार-द्वन्द्वः,1.4
दान-	समाहार-द्वन्द्वः,1.4
तपः-	समाहार-द्वन्द्वः,1.4
(अस्ति)	-
काय-	षष्ठी-तत्पुरुषः,6.3
क्लेश-	पञ्चमी-तत्पुरुषः,6.4
क्रियते	-
त्यक्त्वा	-
मतः	-
अ-	नञ्-तत्पुरुषः,3.2
सत्त्व-	तृतीया-तत्पुरुषः,9.2
छिन्न-	बहुव्रीहिः,11.2
देह-	उपपद-तत्पुरुषः,3.2
शक्यम्	-
अ-	नञ्-तत्पुरुषः,7.2
कर्म-	षष्ठी-तत्पुरुषः,10.2
फल-	उपपद-तत्पुरुषः,10.3
अन्-	नञ्-तत्पुरुषः,1.2
त्रि-	बहुव्रीहिः,5.2
अ-	नञ्-तत्पुरुषः,9.2
महान्-	बहुव्रीहिः,3.2
कारणानि	-
कृत-	बहुव्रीहिः,8.2
सर्व-	कर्मधारयः,11.2
पृथग्-	बहुव्रीहिः,6.2
शरीर-	इतरेतर-द्वन्द्वः,1.3
वाङ्-	इतरेतर-द्वन्द्वः,1.3
अ-	बहुव्रीहिः,10.2
कृत-	नञ्-तत्पुरुषः,10.3
दुर्-	बहुव्रीहिः,14.2
परि-	प्रादि-समासः,3.2
त्रि-	बहुव्रीहिः,4.2
कर्म-	षष्ठी-तत्पुरुषः,5.2
त्रि-	बहुव्रीहिः,10.2
कर्म-	षष्ठी-तत्पुरुषः,11.2
गुण-	षष्ठी-तत्पुरुषः,8.2
गुण-	षष्ठी-तत्पुरुषः,10.2
सर्व-	कर्मधारयः,1.2
अ-	बहुव्रीहिः ,5.2
अ-	नञ्-तत्पुरुषः,7.2
नाना-	कर्मधारयः,5.2
पृथग्-	बहुव्रीहिः,6.2
अ-	नञ्-तत्पुरुषः ,7.2
अ-	नञ्-तत्पुरुषः,8.2
तत्त्व-	षष्ठी-तत्पुरुषः,8.3
अर्थ-	बहुव्रीहिः,8.4
सङ्ग-	तृतीया_तत्पुरुषः,2.2
अ-	नञ्-तत्पुरुषः,3.2
राग-	इतरेतर-द्वन्द्वः,3.3
अ-	नञ्-तत्पुरुषः,5.2
फल-	द्वितीया-तत्पुरुषः,5.3
काम-	द्वितीया-तत्पुरुषः,3.2
स-	तृतीया-तत्पुरुषः,5.2
बहुल-	बहुव्रीहिः,9.2
अनु-	अव्ययीभावः,1.2
अन्-	नञ्-तत्पुरुषः,4.2
मुक्त-	बहुव्रीहिः,1.2
अन्-	नञ्-तत्पुरुषः,2.2
धृति-	इतरेतर-द्वन्द्वः,3.2
उत्साह-	तृतीया-तत्पुरुषः,3.3
सिद्धि-	इतरेतर-द्वन्द्वः,4.3
अ-	नञ्-तत्पुरुषः,4.3
निर्-	बहुव्रीहिः ,5.2
कर्म-	षष्ठी-तत्पुरुषः,2.2
फल-	द्वितीया-तत्पुरुषः,2.3
हिंसा-	बहुव्रीहिः,4.2
अ-	नञ्-तत्पुरुषः,5.2
हर्ष-	इतरेतर-द्वन्द्वः,6.2
शोक-	तृतीया-तत्पुरुषः,6.3
अ-	नञ्-तत्पुरुषः,1.2
त्रि-	बहुव्रीहिः,7.2
अ-	नञ्-तत्पुरुषः,10.2
कार्य-	इतरेतर-द्वन्द्वः,5.3
अ-	नञ्-तत्पुरुषः,5.3
भय-	इतरेतर-द्वन्द्वः,6.3
अ-	नञ्-तत्पुरुषः,6.3
(अस्ति)	-
अ-	नञ्-तत्पुरुषः,3.2
अ-	नञ्-तत्पुरुषः,7.2
अ-	नञ्-तत्पुरुषः,10.2
अ-	नञ्-तत्पुरुषः,1.2
सर्व-	कर्मधारयः,8.2
(अस्ति)	-
मनः-	इतरेतर-द्वन्द्वः,4.3
प्राण-	इतरेतर-द्वन्द्वः,4.3
इन्द्रिय-	षष्ठी-तत्पुरुषः,4.4
अ-	नञ्-तत्पुरुषः,6.2
धर्म-	इतरेतर-द्वन्द्वः,3.2
काम-	षष्ठी-तत्पुरुषः,3.3
धारयते	-
फल-	षष्ठी-तत्पुरुषः,8.2
(अस्ति)	-
दुर्-	बहुव्रीहिः,11.2
निगच्छति	-
प्रोक्तम्	-
(भवति)	-
विषय-	इतरेतर-द्वन्द्वः,1.2
इन्द्रिय-	षष्ठी-तत्पुरुषः,1.3
अमृत-	बहुव्रीहिः,5.2
अनु-	अव्ययीभावः,4.2
निद्रा-	इतरेतर-द्वन्द्वः,9.3
आलस्य-	इतरेतर-द्वन्द्वः,9.3
प्रमाद-	उपपद-तत्पुरुषः,9.4
प्रकृति-	उपपद-तत्पुरुषः,11.2
ब्राह्मण-	इतरेतर-द्वन्द्वः,1.3
क्षत्रिय-	इतरेतर-द्वन्द्वः,1.3
प्र-	प्रादि-तत्पुरुषः,6.2
स्व-	षष्ठी-तत्पुरुषः,7.2
भाव-	प्रादि-तत्पुरुषः,7.3
प्र-	बहुव्रीहिः,7.4
वि-	प्रादि-तत्पुरुषः,10.2
ब्रह्म-	षष्ठी-तत्पुरुषः,12.2
स्व-	षष्ठी-तत्पुरुषः,13.2
भाव-	उपपद-तत्पुरुषः,13.3
अ-	नञ्-तत्पुरुषः,8.2
ईश्वर-	षष्ठी-तत्पुरुषः,10.2
स्व-	बहुव्रीहिः,14.2
भाव-	उपपद-तत्पुरुषः,14.3
कृषि-	इतरेतर-द्वन्द्वः,1.4
गौ-	षष्ठी-तत्पुरुषः,1.3
रक्ष्य-	इतरेतर-द्वन्द्वः,1.4
वैश्य-	षष्ठी-तत्पुरुषः,2.2
स्व-	षष्ठी-तत्पुरुषः,3.2
भाव-	उपपद-तत्पुरुषः,3.3
परिचर्य-	बहुव्रीहिः,5.2
स्व-	षष्ठी-तत्पुरुषः,9.2
भाव-	उपपद-तत्पुरुषः,9.3
स्व-	षष्ठी-तत्पुरुषः,8.2
कर्म-	सप्तमी-तत्पुरुषः,8.3
ततम्	-
स्व-	षष्ठी-तत्पुरुषः,9.2
स्व-	षष्ठी-तत्पुरुषः,2.2
वि-	बहुव्रीहिः,3.2
पर-	षष्ठी-तत्पुरुषः,4.2
स्व-	प्रादि-तत्पुरुषः,5.2
स्व-	षष्ठी-तत्पुरुषः,6.2
भाव-	तृतीया-तत्पुरुषः,6.3
त्यजेत्	-
आवृताः	-
अ-	नञ्-तत्पुरुषः,1.2
सक्त-	बहुव्रीहिः,1.3
जित-	बहुव्रीहिः,3.2
विगत-	बहुव्रीहिः,4.2
नैष्कर्म्य-	षष्ठी-तत्पुरुषः,5.2
निबोध	-
शब्द-	बहुव्रीहिः,8.2
राग-	इतरेतर-द्वन्द्वः,11.2
विविक्त-	उपपद-तत्पुरुषः,14.2
लघु-	बहुव्रीहिः,15.2
यत-	बहुव्रीहिः,16.4
वाक्-	इतरेतर-द्वन्द्वः,16.4
काय-	इतरेतर-द्वन्द्वः,16.4
ध्यान-	इतरेतर-द्वन्द्वः,17.2
योग-	बहुव्रीहिः,17.3
निर्-	बहुव्रीहिः ,28.2
ब्रह्म-	षष्ठी-तत्पुरुषः,30.2
शब्द-	बहुव्रीहिः,8.2
राग-	इतरेतर-द्वन्द्वः,11.2
विविक्त-	उपपद-तत्पुरुषः,14.2
लघु-	बहुव्रीहिः,15.2
यत-	बहुव्रीहिः,16.4
वाक्-	इतरेतर-द्वन्द्वः,16.4
काय-	इतरेतर-द्वन्द्वः,16.4
ध्यान-	इतरेतर-द्वन्द्वः,17.2
योग-	बहुव्रीहिः,17.3
निर्-	बहुव्रीहिः ,28.2
ब्रह्म-	षष्ठी-तत्पुरुषः,30.2
शब्द-	बहुव्रीहिः,8.2
राग-	इतरेतर-द्वन्द्वः,11.2
विविक्त-	उपपद-तत्पुरुषः,14.2
लघु-	बहुव्रीहिः,15.2
यत-	बहुव्रीहिः,16.4
वाक्-	इतरेतर-द्वन्द्वः,16.4
काय-	इतरेतर-द्वन्द्वः,16.4
ध्यान-	इतरेतर-द्वन्द्वः,17.2
योग-	बहुव्रीहिः,17.3
निर्-	बहुव्रीहिः ,28.2
ब्रह्म-	षष्ठी-तत्पुरुषः,30.2
लभते	-
अभिजानाति	-
विशते	-
तद्-	पञ्चमी-तत्पुरुषः,14.2
सर्व-	कर्मधारयः,1.2
मद्-	षष्ठी-तत्पुरुषः,5.2
मत्-	षष्ठी-तत्पुरुषः,6.2
अ-	बहुव्रीहिः ,10.2
सर्व-	कर्मधारयः,2.2
मत्-	बहुव्रीहिः,5.2
बुद्धि-	षष्ठी-तत्पुरुषः,6.2
मत्-	बहुव्रीहिः,8.2
मत्-	षष्ठी-तत्पुरुषः,1.2
सर्व-	कर्मधारयः,2.2
मत्-	षष्ठी-तत्पुरुषः,3.2
विनङ्क्ष्यसि	-
.	-
स्व-	षष्ठी-तत्पुरुषः,1.2
भाव-	उपपद-तत्पुरुषः,1.3
इच्छसि	-
अ-	नञ्-तत्पुरुषः,12.2
सर्व-	कर्मधारयः,2.2
हृद्-	षष्ठी-तत्पुरुषः,3.2
सर्व-	कर्मधारयः,7.2
यन्त्र-	सप्तमी-तत्पुरुषः,8.2
सर्व-	कर्मधारयः,5.2
तत्-	षष्ठी-तत्पुरुषः,7.2
अ-	नञ्-तत्पुरुषः,10.2
कुरु	-
सर्व-	षष्ठी-तत्पुरुषः,1.2
मत्-	बहुव्रीहिः,1.2
भव	-
मद्-	षष्ठी-तत्पुरुषः,3.2
मद्-	उपपद-तत्पुरुषः,4.2
सर्व-	कर्मधारयः,1.2
सर्व-	कर्मधारयः,9.2
ते	षष्ठी-सम्बन्धः,10.2
अ-	बहुव्रीहिः ,4.2
अ-	नञ्-तत्पुरुषः,6.2
अ-	नञ्-तत्पुरुषः,10.2
वाच्यम्	-
मद्-	सप्तमी-तत्पुरुषः,5.2
अ-	नञ्-तत्पुरुषः,14.2
प्रिय-	सप्तमी-तत्पुरुषः,7.2
ज्ञान-	कर्मधारयः,8.2
अन्-	बहुव्रीहिः ,2.2
पुण्य-	बहुव्रीहिः,14.2
अ-	नञ्-तत्पुरुषः,9.2
ज्ञान-	पञ्चमी-तत्पुरुषः,9.3
त्वत्-	षष्ठी-तत्पुरुषः,5.2
अ-	बहुव्रीहिः ,7.2
अस्मि	-
गत-	बहुव्रीहिः,10.2
महत्-	बहुव्रीहिः,6.2
रोम-	षष्ठी-तत्पुरुषः,11.2
व्यास-	षष्ठी-तत्पुरुषः,1.2
योग-	षष्ठी-तत्पुरुषः,8.2
केशव-	इतरेतर-द्वन्द्वः,7.2
अति-	अव्ययीभावः,6.2
योग-	षष्ठी-तत्पुरुषः,2.2
धनुष्-	उपपद-तत्पुरुषः,6.2
